============================================================
  RoySearch v18.4.0 — SMM Estimation
============================================================
Loading packages... done.
Loading solver modules... done.
Loading SMM modules... done.
Threads available: 32

Estimation window: base_covid
  Window definition (windows.json):  Pre-COVID baseline  ym = 201501..201912  ASEC 2016..2020
  Calibrated σ_w (λ_w = 0.7800):  σ_wU = 0.25921,  σ_wS = 0.24198
  load_weight_matrix: subsetting to 28 / 31 active moments (skipping: ee_step_S, ur_total, wage_premium)
  cond_target == 0.0 → diagonal-σ W = Diagonal(1/σ̂²_samp) from /home/chariag1_ramzi/DMP_labour_market_choice/code/smm/../../data/derived/sampling_var_base_covid.csv
  q_scale (display-only Q divisor) = 1.000000e+00

Loading externally calibrated parameters (r, ν, φ)...
  Loaded nu = 0.00336 from /home/chariag1_ramzi/DMP_labour_market_choice/code/smm/../../data/derived/nu_estimation.csv  (window=base_covid → uses base_covid row)
  Loaded phi = 0.02222 from /home/chariag1_ramzi/DMP_labour_market_choice/code/smm/../../data/derived/phi_calibration.csv
  Calibrated:  r = 0.004167,  ν = 0.00336,  φ = 0.02222

  INIT_MODE = :warmstart — loading prior parameter values from:
    /home/chariag1_ramzi/DMP_labour_market_choice/code/smm/../../output/smm/smm_result_base_covid_diagonalW.jls
    Prior Q = 2.135729e+03  (converged = true)
    Warm-start: matched 25 / 29 parameters from prior run.
    Unmatched (kept at spec default): η, η, σ_w, σ_w

  Baseline mode: all structural + regime params are FREE (29 total)
  Fixed params:  9  |  Free params:  29
  FIX_PARAMS pinned (4): bT, unsk_eta, skl_eta, PU
SMMSpec: fixed override dropped free params: bT, PU, η, η, σ_w, σ_w
SMMSpec: skip_moments zeroed weights for (3): ee_step_S, ur_total, wage_premium

╔══════════════════════════════════════════════════════╗
║  SMM Estimation Specification                        ║
╠══════════════════════════════════════════════════════╣
║  Free parameters (23)                                ║
╠══════════════════════════════════════════════════════╣
  block   param             lb          ub        init
  ──────────────────────────────────────────────────
  common  a_ℓ           0.1000      8.0000      0.8812
  common  b_ℓ           0.0500      4.0000      2.2031
  common  ρ_x          -1.0000     -0.1000     -0.9541
  common  c             0.0000     15.0000     12.0177
  common  A             3.0000     13.0000      7.8518
  unsk    bU            0.0000      0.4072      0.0275
  skl     bS            0.0000      0.3258      0.0364
  skl     PS            0.0000      3.2579      1.9946
  unsk    α_U           0.2000      6.0000      1.9036
  skl     a_Γ           0.1000     12.0000      1.4583
  skl     b_Γ           0.1000     10.0000      1.7341
  skl     δ             0.0500      1.0000      0.9432
  unsk    μ             0.0001      2.0000      0.3186
  skl     μ             0.0001      2.0000      0.2154
  unsk    β             0.0010      0.9000      0.4763
  skl     β             0.0001      0.9000      0.5252
  unsk    λ             0.0001      0.5500      0.2110
  skl     λ             0.0001      0.5000      0.2215
  unsk    k             0.0005     12.0000      1.5488
  skl     k             0.0005     12.0000      0.7623
  skl     σ             0.0000      0.2443      0.1320
  unsk    ξ             0.0000      0.0200      0.0099
  skl     ξ             0.0000      0.0200      0.0048

╠══════════════════════════════════════════════════════╣
║  Fixed parameters (9)                                ║
╠══════════════════════════════════════════════════════╣
  r                    = 0.004167
  ν                    = 0.003357
  φ                    = 0.022221
  bT                   = 0.000000
  unsk_η               = 0.500000
  skl_η                = 0.500000
  PU                   = 1.000000
  unsk_σ_w             = 0.259210
  skl_σ_w              = 0.241981

╠══════════════════════════════════════════════════════╣
║  Active moments (28)                                 ║
╠══════════════════════════════════════════════════════╣
  (Weighting: matrix W — raw deviations g'Wg)
  (Q divided by q_scale = 1.000000e+00 for display)

  moment                      target     W diag wt
  ────────────────────────────────────────────────
  ur_U                        0.0563    1.1787e+07
  ur_S                        0.0247    1.5079e+07
  skilled_share               0.3766    2.0207e+06
  training_share              0.0760    2.6275e+06
  emp_var_U                   0.3054    8.1195e+04
  emp_cm3_U                  -0.0090    1.1251e+05
  emp_var_S                   0.2662    1.0607e+05
  emp_cm3_S                  -0.0434    1.1036e+05
  jfr_U                       0.2964    1.8786e+05
  sep_rate_U                  0.0133    8.4939e+07
  jfr_S                       0.3170    4.3416e+04
  sep_rate_S                  0.0059    1.1368e+08
  ee_rate_S                   0.0085    9.7813e+06
  mean_wage_U                 6.5349    4.7413e+04
  mean_wage_S                 6.9198    6.5279e+04
  p25_wage_U                  6.1707    2.7064e+04
  p25_wage_S                  6.6004    5.1646e+04
  p50_wage_U                  6.5396    3.5213e+04
  p50_wage_S                  6.9213    5.1563e+04
  p75_wage_U                  6.9159    3.2707e+04
  p75_wage_S                  7.2696    4.4911e+04
  theta_U                     0.8151    1.5400e+05
  theta_S                     1.8369    7.3387e+03
  overlap_UgtS                0.2390    4.7932e+04
  overlap_SltU                0.2061    4.5979e+04
  ltu_share_S                 0.2564    5.1147e+04
  wchg_rate_U                 0.2085    2.0069e+06
  wchg_rate_S                 0.2224    1.1504e+06

╠══════════════════════════════════════════════════════╣
║  Skipped moments ( 3, weight = 0)                   ║
╠══════════════════════════════════════════════════════╣
  moment                      target
  ──────────────────────────────────
  ur_total                    0.0444
  wage_premium                0.3849
  ee_step_S                   0.1090

  Grid: Nx=120  Np_U=120  Np_S=120
  λ_w (wage-reliability calibration knob, σ_w = √((1−λ_w)·Var̂[log w])): 0.7800
  SA:  max_iter=30000  T0=0.00  step=0.20  cooling_rate=1.00  cooling_exp=2.00  reheat_patience=400  reheat_factor=4.00  adapt_window=50  target_fin=0.90
  DE:   max_iter=3000  pop_size=240  f=0.70  cr=0.90  patience=25  avg_tol=off
  NM:   max_iter=10000  f_tol=1e-03  x_tol=1e-05  g_tol=1e-08  no_improve=4000
  SA:   3 coords/iter, per-coordinate step;  cooling geometric, half-life 5000;  stop ΔQ < 0.05 per 100 iters
  NM:   stop ΔQ < 0.05 per 100 evals, sustained over 300 evals
  DE:   population — 60 draws at each k=1:23 at 0.33×measured width; slots and f,cr from yield
  W:    diagonal-σ — Diagonal(1/σ̂²_samp) (cond(W)=1.55e+04)
  Q scale (display-only divisor): 1.000000e+00
╚══════════════════════════════════════════════════════╝

Starting SMM optimisation...

Starting SMM  (sa_de,  23 free params)

[stage 1/2]  simulated annealing — find the basin
  [SA T0 auto]  T0 = 0.0001  (0.0% of Q0 = 1.000000e+00 accepted w.p. 0.30)
  [SA init]  Q0 = Inf (rejected start)  T0=0.0001  step=0.200000  corners=0/23
             rejected θ (compare against the warm-start bundle):
             common a_ℓ            0.88120606   [    0.10000000,     8.00000000]
             common b_ℓ            2.20308227   [    0.05000000,     4.00000000]
             common ρ_x           -0.95412417   [   -1.00000000,    -0.10000000]
             common c             12.01767481   [    0.00000000,    15.00000000]
             common A              7.85177781   [    3.00000000,    13.00000000]
             unsk   bU             0.02746477   [    0.00000000,     0.40724100]
             skl    bS             0.03642265   [    0.00000000,     0.32579300]
             skl    PS             1.99460793   [    0.00001600,     3.25792800]
             unsk   α_U            1.90358873   [    0.20000000,     6.00000000]
             skl    a_Γ            1.45831486   [    0.10000000,    12.00000000]
             skl    b_Γ            1.73411590   [    0.10000000,    10.00000000]
             skl    δ              0.94318725   [    0.05000000,     1.00000000]
             unsk   μ              0.31864484   [    0.00010000,     2.00000000]
             skl    μ              0.21542018   [    0.00010000,     2.00000000]
             unsk   β              0.47627290   [    0.00100000,     0.90000000]
             skl    β              0.52515993   [    0.00010000,     0.90000000]
             unsk   λ              0.21100001   [    0.00010000,     0.55000000]
             skl    λ              0.22147467   [    0.00010000,     0.50000000]
             unsk   k              1.54881352   [    0.00050000,    12.00000000]
             skl    k              0.76227654   [    0.00050000,    12.00000000]
             skl    σ              0.13195677   [    0.00000000,     0.24434500]
             unsk   ξ              0.00985778   [    0.00000000,     0.02000000]
             skl    ξ              0.00479528   [    0.00000000,     0.02000000]
  [SA iter=  100]  curr=3.254030e+04    best=3.254030e+04  T=0.0000  step=0.144500  acc=0.04  fin=0.74  corners=0/23  reheats=0
  [SA iter=  200]  curr=1.748322e+04    best=1.748322e+04  T=0.0000  step=0.104401  acc=0.04  fin=0.76  corners=0/23  reheats=0
  [SA iter=  300]  curr=8.181383e+03    best=8.181383e+03  T=0.0000  step=0.075430  acc=0.00  fin=0.70  corners=0/23  reheats=0
  [SA iter=  400]  curr=7.995275e+03    best=7.995275e+03  T=0.0000  step=0.054498  acc=0.02  fin=0.90  corners=0/23  reheats=0
  [SA iter=  500]  curr=7.516029e+03    best=7.516029e+03  T=0.0000  step=0.039375  acc=0.02  fin=0.78  corners=0/23  reheats=0
  [SA iter=  600]  curr=7.175676e+03    best=7.175676e+03  T=0.0000  step=0.028448  acc=0.06  fin=0.68  corners=0/23  reheats=0
  [SA iter=  700]  curr=5.555603e+03    best=5.555603e+03  T=0.0000  step=0.020554  acc=0.00  fin=0.62  corners=0/23  reheats=0
  [SA iter=  800]  curr=4.442658e+03    best=4.442658e+03  T=0.0000  step=0.014850  acc=0.06  fin=0.68  corners=0/23  reheats=0
  [SA iter=  900]  curr=3.379344e+03    best=3.379344e+03  T=0.0000  step=0.010729  acc=0.02  fin=0.56  corners=0/23  reheats=0
  [SA iter= 1000]  curr=3.210257e+03    best=3.210257e+03  T=0.0000  step=0.010000  acc=0.08  fin=0.66  corners=0/23  reheats=0
  [SA iter= 1100]  curr=2.934845e+03    best=2.934845e+03  T=0.0000  step=0.010000  acc=0.04  fin=0.66  corners=0/23  reheats=0
  [SA iter= 1200]  curr=2.809775e+03    best=2.809775e+03  T=0.0000  step=0.010000  acc=0.00  fin=0.54  corners=0/23  reheats=0
  [SA iter= 1300]  curr=2.636784e+03    best=2.636784e+03  T=0.0000  step=0.010000  acc=0.00  fin=0.64  corners=0/23  reheats=0
  [SA iter= 1400]  curr=2.636784e+03    best=2.636784e+03  T=0.0000  step=0.010000  acc=0.00  fin=0.54  corners=0/23  reheats=0
  [SA iter= 1500]  curr=2.636784e+03    best=2.636784e+03  T=0.0000  step=0.010000  acc=0.00  fin=0.54  corners=0/23  reheats=0
  [SA iter= 1600]  curr=2.517297e+03    best=2.517297e+03  T=0.0000  step=0.010000  acc=0.08  fin=0.66  corners=0/23  reheats=0
  [SA iter= 1700]  curr=2.517297e+03    best=2.517297e+03  T=0.0000  step=0.010000  acc=0.00  fin=0.64  corners=0/23  reheats=0
  [SA iter= 1800]  curr=2.495105e+03    best=2.495105e+03  T=0.0000  step=0.010000  acc=0.00  fin=0.58  corners=0/23  reheats=0
  [SA iter= 1900]  curr=2.452870e+03    best=2.452870e+03  T=0.0000  step=0.010000  acc=0.00  fin=0.44  corners=0/23  reheats=0
  [SA iter= 2000]  curr=2.439704e+03    best=2.439704e+03  T=0.0000  step=0.010000  acc=0.04  fin=0.64  corners=0/23  reheats=0
  [SA iter= 2100]  curr=2.414345e+03    best=2.414345e+03  T=0.0000  step=0.010000  acc=0.00  fin=0.66  corners=0/23  reheats=0
  [SA iter= 2200]  curr=2.414345e+03    best=2.414345e+03  T=0.0000  step=0.010000  acc=0.00  fin=0.56  corners=0/23  reheats=0
  [SA iter= 2300]  curr=2.414345e+03    best=2.414345e+03  T=0.0000  step=0.010000  acc=0.00  fin=0.68  corners=0/23  reheats=0
  [SA iter= 2400]  curr=2.383997e+03    best=2.383997e+03  T=0.0000  step=0.010000  acc=0.02  fin=0.54  corners=0/23  reheats=0
  [SA iter= 2500]  curr=2.364727e+03    best=2.364727e+03  T=0.0000  step=0.010000  acc=0.02  fin=0.52  corners=0/23  reheats=0
  [SA iter= 2600]  curr=2.364727e+03    best=2.364727e+03  T=0.0000  step=0.010000  acc=0.00  fin=0.50  corners=0/23  reheats=0
  [SA iter= 2700]  curr=2.364727e+03    best=2.364727e+03  T=0.0000  step=0.010000  acc=0.00  fin=0.60  corners=0/23  reheats=0
  [SA iter= 2800]  curr=2.364727e+03    best=2.364727e+03  T=0.0000  step=0.010000  acc=0.00  fin=0.64  corners=0/23  reheats=0
  [SA REHEAT #1  iter= 2882]  T 0.0000→0.0000  in place at Q=2.364727e+03 (best=2.364727e+03)  corners=0/23
  [SA iter= 2900]  curr=2.364727e+03    best=2.364727e+03  T=0.0000  step=0.010000  acc=0.00  fin=0.60  corners=0/23  reheats=1
  [SA iter= 3000]  curr=2.364727e+03    best=2.364727e+03  T=0.0000  step=0.010000  acc=0.00  fin=0.56  corners=0/23  reheats=1
  [SA iter= 3100]  curr=2.364727e+03    best=2.364727e+03  T=0.0000  step=0.010000  acc=0.00  fin=0.56  corners=0/23  reheats=1
  [SA iter= 3200]  curr=2.364727e+03    best=2.364727e+03  T=0.0000  step=0.010000  acc=0.00  fin=0.68  corners=0/23  reheats=1
  [SA REHEAT #2  iter= 3282]  T 0.0000→0.0000  in place at Q=2.364727e+03 (best=2.364727e+03)  corners=0/23
  [SA iter= 3300]  curr=2.364727e+03    best=2.364727e+03  T=0.0000  step=0.010000  acc=0.00  fin=0.50  corners=0/23  reheats=2
  [SA iter= 3400]  curr=2.359949e+03    best=2.359949e+03  T=0.0000  step=0.010000  acc=0.04  fin=0.56  corners=0/23  reheats=2
  [SA iter= 3500]  curr=2.319186e+03    best=2.319186e+03  T=0.0000  step=0.010000  acc=0.00  fin=0.54  corners=0/23  reheats=2
  [SA iter= 3600]  curr=2.298235e+03    best=2.298235e+03  T=0.0000  step=0.010000  acc=0.00  fin=0.60  corners=0/23  reheats=2
  [SA iter= 3700]  curr=2.298235e+03    best=2.298235e+03  T=0.0000  step=0.010000  acc=0.00  fin=0.68  corners=0/23  reheats=2
  [SA iter= 3800]  curr=2.297085e+03    best=2.297085e+03  T=0.0000  step=0.010000  acc=0.00  fin=0.62  corners=0/23  reheats=2
  [SA iter= 3900]  curr=2.297085e+03    best=2.297085e+03  T=0.0000  step=0.010000  acc=0.00  fin=0.66  corners=0/23  reheats=2
  [SA iter= 4000]  curr=2.297085e+03    best=2.297085e+03  T=0.0000  step=0.010000  acc=0.00  fin=0.46  corners=0/23  reheats=2
  [SA iter= 4100]  curr=2.297085e+03    best=2.297085e+03  T=0.0000  step=0.010000  acc=0.00  fin=0.64  corners=0/23  reheats=2
  [SA REHEAT #3  iter= 4137]  T 0.0000→0.0000  in place at Q=2.297085e+03 (best=2.297085e+03)  corners=0/23
  [SA iter= 4200]  curr=2.297085e+03    best=2.297085e+03  T=0.0000  step=0.010000  acc=0.00  fin=0.54  corners=0/23  reheats=3
  [SA iter= 4300]  curr=2.297085e+03    best=2.297085e+03  T=0.0000  step=0.010000  acc=0.00  fin=0.62  corners=0/23  reheats=3
  [SA iter= 4400]  curr=2.297085e+03    best=2.297085e+03  T=0.0000  step=0.010000  acc=0.00  fin=0.54  corners=0/23  reheats=3
  [SA iter= 4500]  curr=2.297085e+03    best=2.297085e+03  T=0.0000  step=0.010000  acc=0.00  fin=0.56  corners=0/23  reheats=3
  [SA REHEAT #4  iter= 4537]  T 0.0000→0.0000  in place at Q=2.297085e+03 (best=2.297085e+03)  corners=0/23
  [SA iter= 4600]  curr=2.297085e+03    best=2.297085e+03  T=0.0000  step=0.010000  acc=0.00  fin=0.68  corners=0/23  reheats=4
  [SA iter= 4700]  curr=2.297085e+03    best=2.297085e+03  T=0.0000  step=0.010000  acc=0.00  fin=0.70  corners=0/23  reheats=4
  [SA iter= 4800]  curr=2.297085e+03    best=2.297085e+03  T=0.0000  step=0.010000  acc=0.00  fin=0.58  corners=0/23  reheats=4
  [SA iter= 4900]  curr=2.297085e+03    best=2.297085e+03  T=0.0000  step=0.010000  acc=0.00  fin=0.60  corners=0/23  reheats=4
  [SA EARLY STOP  iter= 4937]  reheats exhausted, no improvement for 400 steps, Q_best=2.297085e+03  corners=0/23
  [SA done]  Q_best=2.297085e+03  accepted 71/4937  finite 3040/4937  corners=0/23  reheats=4

[stage 2/2]  differential evolution — refine within the basin (SA gave Q=2.297085e+03)
  [DE pop]  starting population generator: 240 slots, 23 free parameters
  [DE pop]  step 1/2 — ΔQ<1 width per parameter: 12 bisections × 2 directions × 23 params = 552 solves
  [DE pop]  widths done in 406s: 23/23 parameters admit a step, median 0.0113, range 0.0013–0.099
  [DE pop]  step 2/2 — 60 candidates at each sparsity k = 1:23;  Q_seed=2.297085e+03
  [DE pop]  evaluating 1380 candidates...
  [DE pop]  1380 candidates in 957s: 811 feasible, 220 better than the seed  (selecting on feasibility)
  [DE pop]  top sparsities by allocated slots: k=21→28  k=16→22  k=18→20  k=11→16  k=17→16
  [DE pop]  done: f=0.875  cr=0.522 (k*=12 of 23)  best candidate Q=2.280669e+03
  [DE init]  generator: 240 slots from 1380 draws  f=0.875 cr=0.522 (from yield)
  [DE init]  evaluating 240 initial members...
  [DE init]  feasible=240/240  Q_best=2.280669e+03
  [DE gen=   1 DONE]  Q_best=2.280484e+03 Q_mean=2.295636e+03    feasible=240/240  improved=45  clusters=2  corners=0/23  evals=480
  [DE gen=   2 DONE]  Q_best=2.271650e+03 Q_mean=2.293902e+03    feasible=240/240  improved=50  clusters=2  corners=0/23  evals=720
  [DE gen=   3 DONE]  Q_best=2.271650e+03 Q_mean=2.292555e+03    feasible=240/240  improved=44  clusters=2  corners=0/23  evals=960
  [DE gen=   4 DONE]  Q_best=2.271206e+03 Q_mean=2.291174e+03    feasible=240/240  improved=48  clusters=2  corners=0/23  evals=1200
  [DE gen=   5 DONE]  Q_best=2.271206e+03 Q_mean=2.290491e+03    feasible=240/240  improved=28  clusters=2  corners=0/23  evals=1440
  [DE gen=   6 DONE]  Q_best=2.267004e+03 Q_mean=2.289689e+03    feasible=240/240  improved=31  clusters=2  corners=0/23  evals=1680
  [DE gen=   7 DONE]  Q_best=2.264699e+03 Q_mean=2.288769e+03    feasible=240/240  improved=33  clusters=2  corners=0/23  evals=1920
  [DE gen=   8 DONE]  Q_best=2.264699e+03 Q_mean=2.287885e+03    feasible=240/240  improved=34  clusters=2  corners=0/23  evals=2160
  [DE gen=   9 DONE]  Q_best=2.264699e+03 Q_mean=2.286841e+03    feasible=240/240  improved=33  clusters=3  corners=0/23  evals=2400
  [DE gen=  10 DONE]  Q_best=2.261848e+03 Q_mean=2.286244e+03    feasible=240/240  improved=21  clusters=3  corners=0/23  evals=2640
  [DE gen=  11 DONE]  Q_best=2.261848e+03 Q_mean=2.285342e+03    feasible=240/240  improved=26  clusters=2  corners=0/23  evals=2880
  [DE gen=  12 DONE]  Q_best=2.261848e+03 Q_mean=2.284685e+03    feasible=240/240  improved=30  clusters=2  corners=0/23  evals=3120
  [DE gen=  13 DONE]  Q_best=2.261848e+03 Q_mean=2.283969e+03    feasible=240/240  improved=20  clusters=2  corners=0/23  evals=3360
  [DE gen=  14 DONE]  Q_best=2.261848e+03 Q_mean=2.283395e+03    feasible=240/240  improved=21  clusters=2  corners=0/23  evals=3600
  [DE gen=  15 DONE]  Q_best=2.260643e+03 Q_mean=2.282555e+03    feasible=240/240  improved=27  clusters=2  corners=0/23  evals=3840
  [DE gen=  16 DONE]  Q_best=2.260643e+03 Q_mean=2.281762e+03    feasible=240/240  improved=27  clusters=2  corners=0/23  evals=4080
  [DE gen=  17 DONE]  Q_best=2.260372e+03 Q_mean=2.281051e+03    feasible=240/240  improved=26  clusters=2  corners=0/23  evals=4320
  [DE gen=  18 DONE]  Q_best=2.260372e+03 Q_mean=2.280583e+03    feasible=240/240  improved=15  clusters=2  corners=0/23  evals=4560
  [DE gen=  19 DONE]  Q_best=2.260372e+03 Q_mean=2.280086e+03    feasible=240/240  improved=16  clusters=2  corners=0/23  evals=4800
  [DE gen=  20 DONE]  Q_best=2.260372e+03 Q_mean=2.279670e+03    feasible=240/240  improved=11  clusters=2  corners=0/23  evals=5040
  [DE gen=  21 DONE]  Q_best=2.260220e+03 Q_mean=2.278965e+03    feasible=240/240  improved=21  clusters=2  corners=0/23  evals=5280
  [DE gen=  22 DONE]  Q_best=2.256427e+03 Q_mean=2.278396e+03    feasible=240/240  improved=17  clusters=2  corners=0/23  evals=5520
  [DE gen=  23 DONE]  Q_best=2.256427e+03 Q_mean=2.277997e+03    feasible=240/240  improved=15  clusters=2  corners=0/23  evals=5760
  [DE gen=  24 DONE]  Q_best=2.252597e+03 Q_mean=2.277563e+03    feasible=240/240  improved=17  clusters=2  corners=0/23  evals=6000
  [DE gen=  25 DONE]  Q_best=2.252597e+03 Q_mean=2.277225e+03    feasible=240/240  improved=12  clusters=2  corners=0/23  evals=6240
  [DE gen=  26 DONE]  Q_best=2.252597e+03 Q_mean=2.276582e+03    feasible=240/240  improved=20  clusters=2  corners=0/23  evals=6480
  [DE gen=  27 DONE]  Q_best=2.252597e+03 Q_mean=2.275947e+03    feasible=240/240  improved=16  clusters=2  corners=0/23  evals=6720
  [DE gen=  28 DONE]  Q_best=2.244585e+03 Q_mean=2.275191e+03    feasible=240/240  improved=16  clusters=2  corners=0/23  evals=6960
  [DE gen=  29 DONE]  Q_best=2.244585e+03 Q_mean=2.274821e+03    feasible=240/240  improved=15  clusters=2  corners=0/23  evals=7200
  [DE gen=  30 DONE]  Q_best=2.244585e+03 Q_mean=2.274276e+03    feasible=240/240  improved=13  clusters=2  corners=0/23  evals=7440
  [DE gen=  31 DONE]  Q_best=2.244585e+03 Q_mean=2.273829e+03    feasible=240/240  improved=20  clusters=2  corners=0/23  evals=7680
  [DE gen=  32 DONE]  Q_best=2.244585e+03 Q_mean=2.273276e+03    feasible=240/240  improved=15  clusters=2  corners=0/23  evals=7920
  [DE gen=  33 DONE]  Q_best=2.244585e+03 Q_mean=2.272607e+03    feasible=240/240  improved=19  clusters=2  corners=0/23  evals=8160
  [DE gen=  34 DONE]  Q_best=2.244585e+03 Q_mean=2.271987e+03    feasible=240/240  improved=19  clusters=2  corners=0/23  evals=8400
  [DE gen=  35 DONE]  Q_best=2.236608e+03 Q_mean=2.271601e+03    feasible=240/240  improved=12  clusters=2  corners=0/23  evals=8640
  [DE gen=  36 DONE]  Q_best=2.236608e+03 Q_mean=2.271323e+03    feasible=240/240  improved=11  clusters=2  corners=0/23  evals=8880
  [DE gen=  37 DONE]  Q_best=2.236608e+03 Q_mean=2.271143e+03    feasible=240/240  improved=8  clusters=2  corners=0/23  evals=9120
  [DE gen=  38 DONE]  Q_best=2.236608e+03 Q_mean=2.270652e+03    feasible=240/240  improved=12  clusters=2  corners=0/23  evals=9360
  [DE gen=  39 DONE]  Q_best=2.236608e+03 Q_mean=2.270427e+03    feasible=240/240  improved=7  clusters=1  corners=0/23  evals=9600
  [DE gen=  40 DONE]  Q_best=2.236608e+03 Q_mean=2.270122e+03    feasible=240/240  improved=9  clusters=2  corners=0/23  evals=9840
  [DE gen=  41 DONE]  Q_best=2.236608e+03 Q_mean=2.269394e+03    feasible=240/240  improved=16  clusters=1  corners=0/23  evals=10080
  [DE gen=  42 DONE]  Q_best=2.236608e+03 Q_mean=2.269033e+03    feasible=240/240  improved=10  clusters=1  corners=0/23  evals=10320
  [DE gen=  43 DONE]  Q_best=2.236608e+03 Q_mean=2.268694e+03    feasible=240/240  improved=14  clusters=1  corners=0/23  evals=10560
  [DE gen=  44 DONE]  Q_best=2.236608e+03 Q_mean=2.268407e+03    feasible=240/240  improved=13  clusters=1  corners=0/23  evals=10800
  [DE gen=  45 DONE]  Q_best=2.236608e+03 Q_mean=2.268266e+03    feasible=240/240  improved=8  clusters=1  corners=0/23  evals=11040
  [DE pop]  starting population generator: 240 slots, 23 free parameters
  [DE pop]  step 1/2 — ΔQ<1 width per parameter: 12 bisections × 2 directions × 23 params = 552 solves
  [DE pop]  widths done in 378s: 23/23 parameters admit a step, median 0.00767, range 0.00034–0.047
  [DE pop]  step 2/2 — 60 candidates at each sparsity k = 1:23;  Q_seed=2.236608e+03
  [DE pop]  evaluating 1380 candidates...
  [DE pop]  1380 candidates in 658s: 901 feasible, 265 better than the seed  (selecting on improvement)
  [DE pop]  WARNING: only 265 improving for 240 slots (1.1x). The weight cannot
  [DE pop]           select at this headroom — raise gen_per_k to ~109 or lower pop_size.
  [DE pop]  top sparsities by allocated slots: k=2→20  k=4→17  k=9→16  k=3→14  k=7→13
  [DE pop]  done: f=1.084  cr=0.609 (k*=14 of 23)  best candidate Q=2.220630e+03
  [DE reheat 1]  gen=45  Q 2.236608e+03 -> 2.220630e+03  f=1.084 cr=0.609  k*=2/23  better=265 feas=901 of 1380  (carried 0)
  [DE gen=  46 DONE]  Q_best=2.220630e+03 Q_mean=2.232828e+03    feasible=240/240  improved=50  clusters=2  corners=0/23  evals=11520
  [DE gen=  47 DONE]  Q_best=2.220630e+03 Q_mean=2.232190e+03    feasible=240/240  improved=34  clusters=2  corners=0/23  evals=11760
  [DE gen=  48 DONE]  Q_best=2.220630e+03 Q_mean=2.231810e+03    feasible=240/240  improved=28  clusters=2  corners=0/23  evals=12000
  [DE gen=  49 DONE]  Q_best=2.220630e+03 Q_mean=2.231294e+03    feasible=240/240  improved=28  clusters=2  corners=0/23  evals=12240
  [DE gen=  50 DONE]  Q_best=2.219331e+03 Q_mean=2.230823e+03    feasible=240/240  improved=31  clusters=2  corners=0/23  evals=12480
  [DE gen=  51 DONE]  Q_best=2.217335e+03 Q_mean=2.230383e+03    feasible=240/240  improved=26  clusters=1  corners=0/23  evals=12720
  [DE gen=  52 DONE]  Q_best=2.217335e+03 Q_mean=2.229975e+03    feasible=240/240  improved=19  clusters=1  corners=0/23  evals=12960
  [DE gen=  53 DONE]  Q_best=2.215505e+03 Q_mean=2.229550e+03    feasible=240/240  improved=17  clusters=1  corners=0/23  evals=13200
  [DE gen=  54 DONE]  Q_best=2.215505e+03 Q_mean=2.229229e+03    feasible=240/240  improved=19  clusters=2  corners=0/23  evals=13440
  [DE gen=  55 DONE]  Q_best=2.213949e+03 Q_mean=2.228708e+03    feasible=240/240  improved=26  clusters=2  corners=0/23  evals=13680
  [DE gen=  56 DONE]  Q_best=2.213949e+03 Q_mean=2.228542e+03    feasible=240/240  improved=12  clusters=2  corners=0/23  evals=13920
  [DE gen=  57 DONE]  Q_best=2.213949e+03 Q_mean=2.228304e+03    feasible=240/240  improved=17  clusters=2  corners=0/23  evals=14160
  [DE gen=  58 DONE]  Q_best=2.213949e+03 Q_mean=2.228112e+03    feasible=240/240  improved=12  clusters=2  corners=0/23  evals=14400
  [DE gen=  59 DONE]  Q_best=2.213949e+03 Q_mean=2.227724e+03    feasible=240/240  improved=17  clusters=2  corners=0/23  evals=14640
  [DE gen=  60 DONE]  Q_best=2.208398e+03 Q_mean=2.227297e+03    feasible=240/240  improved=17  clusters=2  corners=0/23  evals=14880
  [DE gen=  61 DONE]  Q_best=2.208398e+03 Q_mean=2.226980e+03    feasible=240/240  improved=15  clusters=2  corners=0/23  evals=15120
  [DE gen=  62 DONE]  Q_best=2.208398e+03 Q_mean=2.226801e+03    feasible=240/240  improved=12  clusters=2  corners=0/23  evals=15360
  [DE gen=  63 DONE]  Q_best=2.208398e+03 Q_mean=2.226612e+03    feasible=240/240  improved=12  clusters=2  corners=0/23  evals=15600
  [DE gen=  64 DONE]  Q_best=2.208398e+03 Q_mean=2.226459e+03    feasible=240/240  improved=11  clusters=2  corners=0/23  evals=15840
  [DE gen=  65 DONE]  Q_best=2.208398e+03 Q_mean=2.226212e+03    feasible=240/240  improved=9  clusters=2  corners=0/23  evals=16080
  [DE gen=  66 DONE]  Q_best=2.208398e+03 Q_mean=2.226078e+03    feasible=240/240  improved=9  clusters=2  corners=0/23  evals=16320
  [DE pop]  starting population generator: 240 slots, 23 free parameters
  [DE pop]  step 1/2 — ΔQ<1 width per parameter: 12 bisections × 2 directions × 23 params = 552 solves
  [DE pop]  widths done in 291s: 23/23 parameters admit a step, median 0.0063, range 0.0013–0.17
  [DE pop]  step 2/2 — 60 candidates at each sparsity k = 1:23;  Q_seed=2.208398e+03
  [DE pop]  evaluating 1380 candidates...
  [DE pop]  1380 candidates in 657s: 894 feasible, 262 better than the seed  (selecting on improvement)
  [DE pop]  WARNING: only 262 improving for 240 slots (1.1x). The weight cannot
  [DE pop]           select at this headroom — raise gen_per_k to ~110 or lower pop_size.
  [DE pop]  top sparsities by allocated slots: k=2→24  k=3→21  k=6→19  k=4→16  k=5→15
  [DE pop]  done: f=1.226  cr=0.522 (k*=12 of 23)  best candidate Q=2.197985e+03
  [DE reheat 2]  gen=66  Q 2.208398e+03 -> 2.197985e+03  f=1.226 cr=0.522  k*=2/23  better=262 feas=894 of 1380  (carried 0)
  [DE gen=  67 DONE]  Q_best=2.196529e+03 Q_mean=2.206537e+03    feasible=240/240  improved=29  clusters=2  corners=0/23  evals=16800
  [DE gen=  68 DONE]  Q_best=2.196529e+03 Q_mean=2.206310e+03    feasible=240/240  improved=30  clusters=2  corners=0/23  evals=17040
  [DE gen=  69 DONE]  Q_best=2.196529e+03 Q_mean=2.206098e+03    feasible=240/240  improved=31  clusters=2  corners=0/23  evals=17280
  [DE gen=  70 DONE]  Q_best=2.196529e+03 Q_mean=2.205829e+03    feasible=240/240  improved=36  clusters=2  corners=0/23  evals=17520
  [DE gen=  71 DONE]  Q_best=2.196529e+03 Q_mean=2.205416e+03    feasible=240/240  improved=32  clusters=2  corners=0/23  evals=17760
  [DE gen=  72 DONE]  Q_best=2.196529e+03 Q_mean=2.205213e+03    feasible=240/240  improved=23  clusters=1  corners=0/23  evals=18000
  [DE gen=  73 DONE]  Q_best=2.195044e+03 Q_mean=2.204945e+03    feasible=240/240  improved=22  clusters=2  corners=0/23  evals=18240
  [DE gen=  74 DONE]  Q_best=2.190223e+03 Q_mean=2.204558e+03    feasible=240/240  improved=22  clusters=1  corners=0/23  evals=18480
  [DE gen=  75 DONE]  Q_best=2.190223e+03 Q_mean=2.204192e+03    feasible=240/240  improved=25  clusters=1  corners=0/23  evals=18720
  [DE gen=  76 DONE]  Q_best=2.190223e+03 Q_mean=2.203808e+03    feasible=240/240  improved=27  clusters=2  corners=0/23  evals=18960
  [DE gen=  77 DONE]  Q_best=2.190223e+03 Q_mean=2.203552e+03    feasible=240/240  improved=17  clusters=2  corners=0/23  evals=19200
  [DE gen=  78 DONE]  Q_best=2.190223e+03 Q_mean=2.203359e+03    feasible=240/240  improved=14  clusters=2  corners=0/23  evals=19440
  [DE gen=  79 DONE]  Q_best=2.188284e+03 Q_mean=2.202951e+03    feasible=240/240  improved=17  clusters=2  corners=0/23  evals=19680
  [DE gen=  80 DONE]  Q_best=2.188284e+03 Q_mean=2.202612e+03    feasible=240/240  improved=19  clusters=1  corners=0/23  evals=19920
  [DE gen=  81 DONE]  Q_best=2.185759e+03 Q_mean=2.202262e+03    feasible=240/240  improved=24  clusters=1  corners=0/23  evals=20160
  [DE gen=  82 DONE]  Q_best=2.185302e+03 Q_mean=2.202022e+03    feasible=240/240  improved=18  clusters=1  corners=0/23  evals=20400
  [DE gen=  83 DONE]  Q_best=2.185302e+03 Q_mean=2.201712e+03    feasible=240/240  improved=14  clusters=2  corners=0/23  evals=20640
  [DE gen=  84 DONE]  Q_best=2.184687e+03 Q_mean=2.201304e+03    feasible=240/240  improved=18  clusters=1  corners=0/23  evals=20880
  [DE gen=  85 DONE]  Q_best=2.184687e+03 Q_mean=2.200983e+03    feasible=240/240  improved=19  clusters=2  corners=0/23  evals=21120
  [DE gen=  86 DONE]  Q_best=2.184687e+03 Q_mean=2.200885e+03    feasible=240/240  improved=9  clusters=2  corners=0/23  evals=21360
  [DE gen=  87 DONE]  Q_best=2.184687e+03 Q_mean=2.200690e+03    feasible=240/240  improved=10  clusters=2  corners=0/23  evals=21600
  [DE gen=  88 DONE]  Q_best=2.181875e+03 Q_mean=2.200257e+03    feasible=240/240  improved=9  clusters=2  corners=0/23  evals=21840
  [DE gen=  89 DONE]  Q_best=2.181875e+03 Q_mean=2.200159e+03    feasible=240/240  improved=5  clusters=2  corners=0/23  evals=22080
  [DE gen=  90 DONE]  Q_best=2.181875e+03 Q_mean=2.199862e+03    feasible=240/240  improved=10  clusters=2  corners=0/23  evals=22320
  [DE gen=  91 DONE]  Q_best=2.181875e+03 Q_mean=2.199726e+03    feasible=240/240  improved=9  clusters=2  corners=0/23  evals=22560
  [DE gen=  92 DONE]  Q_best=2.181875e+03 Q_mean=2.199550e+03    feasible=240/240  improved=10  clusters=2  corners=0/23  evals=22800
  [DE gen=  93 DONE]  Q_best=2.181875e+03 Q_mean=2.199173e+03    feasible=240/240  improved=14  clusters=2  corners=0/23  evals=23040
  [DE gen=  94 DONE]  Q_best=2.172204e+03 Q_mean=2.198927e+03    feasible=240/240  improved=12  clusters=2  corners=0/23  evals=23280
  [DE gen=  95 DONE]  Q_best=2.172204e+03 Q_mean=2.198726e+03    feasible=240/240  improved=9  clusters=2  corners=0/23  evals=23520
  [DE gen=  96 DONE]  Q_best=2.172204e+03 Q_mean=2.198302e+03    feasible=240/240  improved=15  clusters=2  corners=0/23  evals=23760
  [DE gen=  97 DONE]  Q_best=2.165720e+03 Q_mean=2.197916e+03    feasible=240/240  improved=9  clusters=2  corners=0/23  evals=24000
  [DE gen=  98 DONE]  Q_best=2.165720e+03 Q_mean=2.197749e+03    feasible=240/240  improved=12  clusters=2  corners=0/23  evals=24240
  [DE gen=  99 DONE]  Q_best=2.165720e+03 Q_mean=2.197458e+03    feasible=240/240  improved=8  clusters=2  corners=0/23  evals=24480
  [DE gen= 100 DONE]  Q_best=2.165720e+03 Q_mean=2.197260e+03    feasible=240/240  improved=12  clusters=2  corners=0/23  evals=24720
  [DE gen= 101 DONE]  Q_best=2.165720e+03 Q_mean=2.197176e+03    feasible=240/240  improved=3  clusters=2  corners=0/23  evals=24960
  [DE gen= 102 DONE]  Q_best=2.165720e+03 Q_mean=2.196894e+03    feasible=240/240  improved=11  clusters=2  corners=0/23  evals=25200
  [DE gen= 103 DONE]  Q_best=2.165720e+03 Q_mean=2.196621e+03    feasible=240/240  improved=7  clusters=2  corners=0/23  evals=25440
  [DE pop]  starting population generator: 240 slots, 23 free parameters
  [DE pop]  step 1/2 — ΔQ<1 width per parameter: 12 bisections × 2 directions × 23 params = 552 solves
  [DE pop]  widths done in 397s: 23/23 parameters admit a step, median 0.0142, range 0.00068–0.18
  [DE pop]  step 2/2 — 60 candidates at each sparsity k = 1:23;  Q_seed=2.165720e+03
  [DE pop]  evaluating 1380 candidates...
  [DE pop]  1380 candidates in 863s: 819 feasible, 191 better than the seed  (selecting on improvement)
  [DE pop]  WARNING: only 191 improving for 240 slots (0.8x). The weight cannot
  [DE pop]           select at this headroom — raise gen_per_k to ~151 or lower pop_size.
  [DE pop]  top sparsities by allocated slots: k=8→16(41)  k=9→13(31)  k=1→27  k=2→23  k=3→18
  [DE pop]  49 of 240 slots filled from feasible non-improving draws
  [DE pop]  done: f=1.319  cr=0.391 (k*=9 of 23)  best candidate Q=2.150983e+03
  [DE reheat 3]  gen=103  Q 2.165720e+03 -> 2.150983e+03  f=1.319 cr=0.391  k*=8/23  better=191 feas=819 of 1380  (carried 0)
  [DE gen= 104 DONE]  Q_best=2.150598e+03 Q_mean=2.165127e+03    feasible=240/240  improved=43  clusters=1  corners=0/23  evals=25920
  [DE gen= 105 DONE]  Q_best=2.150598e+03 Q_mean=2.164091e+03    feasible=240/240  improved=44  clusters=2  corners=0/23  evals=26160
  [DE gen= 106 DONE]  Q_best=2.150598e+03 Q_mean=2.163733e+03    feasible=240/240  improved=21  clusters=2  corners=0/23  evals=26400
  [DE gen= 107 DONE]  Q_best=2.150598e+03 Q_mean=2.163100e+03    feasible=240/240  improved=26  clusters=2  corners=0/23  evals=26640
  [DE gen= 108 DONE]  Q_best=2.150598e+03 Q_mean=2.162305e+03    feasible=240/240  improved=34  clusters=2  corners=0/23  evals=26880
  [DE gen= 109 DONE]  Q_best=2.150598e+03 Q_mean=2.161823e+03    feasible=240/240  improved=22  clusters=2  corners=0/23  evals=27120
  [DE gen= 110 DONE]  Q_best=2.150598e+03 Q_mean=2.161269e+03    feasible=240/240  improved=21  clusters=2  corners=0/23  evals=27360
  [DE gen= 111 DONE]  Q_best=2.150598e+03 Q_mean=2.160896e+03    feasible=240/240  improved=18  clusters=2  corners=0/23  evals=27600
  [DE gen= 112 DONE]  Q_best=2.150598e+03 Q_mean=2.160690e+03    feasible=240/240  improved=16  clusters=2  corners=0/23  evals=27840
  [DE gen= 113 DONE]  Q_best=2.148766e+03 Q_mean=2.160414e+03    feasible=240/240  improved=17  clusters=2  corners=0/23  evals=28080
  [DE gen= 114 DONE]  Q_best=2.145461e+03 Q_mean=2.160089e+03    feasible=240/240  improved=18  clusters=2  corners=0/23  evals=28320
  [DE gen= 115 DONE]  Q_best=2.145461e+03 Q_mean=2.159789e+03    feasible=240/240  improved=21  clusters=2  corners=0/23  evals=28560
  [DE gen= 116 DONE]  Q_best=2.145461e+03 Q_mean=2.159558e+03    feasible=240/240  improved=16  clusters=2  corners=0/23  evals=28800
  [DE gen= 117 DONE]  Q_best=2.145461e+03 Q_mean=2.159147e+03    feasible=240/240  improved=22  clusters=2  corners=0/23  evals=29040
  [DE gen= 118 DONE]  Q_best=2.145461e+03 Q_mean=2.159040e+03    feasible=240/240  improved=13  clusters=2  corners=0/23  evals=29280
  [DE gen= 119 DONE]  Q_best=2.145461e+03 Q_mean=2.158902e+03    feasible=240/240  improved=9  clusters=2  corners=0/23  evals=29520
  [DE gen= 120 DONE]  Q_best=2.145461e+03 Q_mean=2.158553e+03    feasible=240/240  improved=15  clusters=2  corners=0/23  evals=29760
  [DE gen= 121 DONE]  Q_best=2.145461e+03 Q_mean=2.158339e+03    feasible=240/240  improved=14  clusters=2  corners=0/23  evals=30000
  [DE gen= 122 DONE]  Q_best=2.145461e+03 Q_mean=2.158180e+03    feasible=240/240  improved=13  clusters=2  corners=0/23  evals=30240
  [DE gen= 123 DONE]  Q_best=2.145461e+03 Q_mean=2.158117e+03    feasible=240/240  improved=5  clusters=2  corners=0/23  evals=30480
  [DE pop]  starting population generator: 240 slots, 23 free parameters
  [DE pop]  step 1/2 — ΔQ<1 width per parameter: 12 bisections × 2 directions × 23 params = 552 solves
  [DE pop]  widths done in 618s: 23/23 parameters admit a step, median 0.00835, range 0.0011–0.11
  [DE pop]  step 2/2 — 60 candidates at each sparsity k = 1:23;  Q_seed=2.145461e+03
  [DE pop]  evaluating 1380 candidates...
  [DE pop]  1380 candidates in 1146s: 730 feasible, 125 better than the seed  (selecting on improvement)
  [DE pop]  WARNING: only 125 improving for 240 slots (0.5x). The weight cannot
  [DE pop]           select at this headroom — raise gen_per_k to ~231 or lower pop_size.
  [DE pop]  top sparsities by allocated slots: k=15→10(36)  k=22→2(32)  k=11→6(31)  k=8→7(28)  k=10→6(19)
  [DE pop]  115 of 240 slots filled from feasible non-improving draws
  [DE pop]  done: f=1.017  cr=0.391 (k*=9 of 23)  best candidate Q=2.139153e+03
  [DE reheat 4]  gen=123  Q 2.145461e+03 -> 2.139153e+03  f=1.017 cr=0.391  k*=15/23  better=125 feas=730 of 1380  (carried 0)
  [DE gen= 124 DONE]  Q_best=2.139153e+03 Q_mean=2.150157e+03    feasible=240/240  improved=40  clusters=2  corners=0/23  evals=30960
  [DE gen= 125 DONE]  Q_best=2.139153e+03 Q_mean=2.148872e+03    feasible=240/240  improved=34  clusters=2  corners=0/23  evals=31200
  [DE gen= 126 DONE]  Q_best=2.139153e+03 Q_mean=2.148185e+03    feasible=240/240  improved=35  clusters=3  corners=0/23  evals=31440
  [DE gen= 127 DONE]  Q_best=2.139153e+03 Q_mean=2.147456e+03    feasible=240/240  improved=32  clusters=2  corners=0/23  evals=31680
  [DE gen= 128 DONE]  Q_best=2.139153e+03 Q_mean=2.146947e+03    feasible=240/240  improved=35  clusters=3  corners=0/23  evals=31920
  [DE gen= 129 DONE]  Q_best=2.139153e+03 Q_mean=2.146577e+03    feasible=240/240  improved=22  clusters=2  corners=0/23  evals=32160
  [DE gen= 130 DONE]  Q_best=2.139153e+03 Q_mean=2.146098e+03    feasible=240/240  improved=27  clusters=2  corners=0/23  evals=32400
  [DE gen= 131 DONE]  Q_best=2.137742e+03 Q_mean=2.145751e+03    feasible=240/240  improved=24  clusters=2  corners=0/23  evals=32640
  [DE gen= 132 DONE]  Q_best=2.135801e+03 Q_mean=2.145523e+03    feasible=240/240  improved=28  clusters=2  corners=0/23  evals=32880
  [DE gen= 133 DONE]  Q_best=2.135801e+03 Q_mean=2.145142e+03    feasible=240/240  improved=31  clusters=2  corners=0/23  evals=33120
  [DE gen= 134 DONE]  Q_best=2.135801e+03 Q_mean=2.144955e+03    feasible=240/240  improved=18  clusters=3  corners=0/23  evals=33360
  [DE gen= 135 DONE]  Q_best=2.135801e+03 Q_mean=2.144739e+03    feasible=240/240  improved=19  clusters=1  corners=0/23  evals=33600
  [DE gen= 136 DONE]  Q_best=2.135801e+03 Q_mean=2.144445e+03    feasible=240/240  improved=20  clusters=2  corners=0/23  evals=33840
  [DE gen= 137 DONE]  Q_best=2.134404e+03 Q_mean=2.144282e+03    feasible=240/240  improved=15  clusters=2  corners=0/23  evals=34080
  [DE gen= 138 DONE]  Q_best=2.134404e+03 Q_mean=2.144104e+03    feasible=240/240  improved=22  clusters=2  corners=0/23  evals=34320
  [DE gen= 139 DONE]  Q_best=2.134404e+03 Q_mean=2.143944e+03    feasible=240/240  improved=15  clusters=2  corners=0/23  evals=34560
  [DE gen= 140 DONE]  Q_best=2.134404e+03 Q_mean=2.143790e+03    feasible=240/240  improved=21  clusters=2  corners=0/23  evals=34800
  [DE gen= 141 DONE]  Q_best=2.134404e+03 Q_mean=2.143701e+03    feasible=240/240  improved=19  clusters=2  corners=0/23  evals=35040
  [DE gen= 142 DONE]  Q_best=2.134404e+03 Q_mean=2.143639e+03    feasible=240/240  improved=11  clusters=2  corners=0/23  evals=35280
  [DE gen= 143 DONE]  Q_best=2.133986e+03 Q_mean=2.143417e+03    feasible=240/240  improved=22  clusters=1  corners=0/23  evals=35520
  [DE gen= 144 DONE]  Q_best=2.133986e+03 Q_mean=2.143318e+03    feasible=240/240  improved=17  clusters=2  corners=0/23  evals=35760
  [DE gen= 145 DONE]  Q_best=2.133986e+03 Q_mean=2.143179e+03    feasible=240/240  improved=18  clusters=2  corners=0/23  evals=36000
  [DE gen= 146 DONE]  Q_best=2.133986e+03 Q_mean=2.143138e+03    feasible=240/240  improved=11  clusters=2  corners=0/23  evals=36240
  [DE gen= 147 DONE]  Q_best=2.132033e+03 Q_mean=2.143002e+03    feasible=240/240  improved=17  clusters=2  corners=0/23  evals=36480
  [DE gen= 148 DONE]  Q_best=2.132033e+03 Q_mean=2.142877e+03    feasible=240/240  improved=13  clusters=2  corners=0/23  evals=36720
  [DE gen= 149 DONE]  Q_best=2.132033e+03 Q_mean=2.142798e+03    feasible=240/240  improved=12  clusters=2  corners=0/23  evals=36960
  [DE gen= 150 DONE]  Q_best=2.132033e+03 Q_mean=2.142644e+03    feasible=240/240  improved=11  clusters=2  corners=0/23  evals=37200
  [DE gen= 151 DONE]  Q_best=2.132033e+03 Q_mean=2.142536e+03    feasible=240/240  improved=14  clusters=2  corners=0/23  evals=37440
  [DE gen= 152 DONE]  Q_best=2.132033e+03 Q_mean=2.142410e+03    feasible=240/240  improved=13  clusters=2  corners=0/23  evals=37680
  [DE gen= 153 DONE]  Q_best=2.132033e+03 Q_mean=2.142260e+03    feasible=240/240  improved=15  clusters=1  corners=0/23  evals=37920
  [DE gen= 154 DONE]  Q_best=2.132033e+03 Q_mean=2.142117e+03    feasible=240/240  improved=15  clusters=1  corners=0/23  evals=38160
  [DE gen= 155 DONE]  Q_best=2.132033e+03 Q_mean=2.142079e+03    feasible=240/240  improved=4  clusters=1  corners=0/23  evals=38400
  [DE pop]  starting population generator: 240 slots, 23 free parameters
  [DE pop]  step 1/2 — ΔQ<1 width per parameter: 12 bisections × 2 directions × 23 params = 552 solves
  [DE pop]  widths done in 341s: 23/23 parameters admit a step, median 0.00464, range 0.00073–0.12
  [DE pop]  step 2/2 — 60 candidates at each sparsity k = 1:23;  Q_seed=2.132033e+03
  [DE pop]  evaluating 1380 candidates...
  [DE pop]  1380 candidates in 718s: 758 feasible, 144 better than the seed  (selecting on improvement)
  [DE pop]  WARNING: only 144 improving for 240 slots (0.6x). The weight cannot
  [DE pop]           select at this headroom — raise gen_per_k to ~200 or lower pop_size.
  [DE pop]  top sparsities by allocated slots: k=21→7(34)  k=23→4(32)  k=22→5(29)  k=14→9(26)  k=1→16
  [DE pop]  96 of 240 slots filled from feasible non-improving draws
  [DE pop]  done: f=0.884  cr=0.565 (k*=13 of 23)  best candidate Q=2.128371e+03
  [DE reheat 5]  gen=155  Q 2.132033e+03 -> 2.128371e+03  f=0.884 cr=0.565  k*=21/23  better=144 feas=758 of 1380  (carried 0)
  [DE gen= 156 DONE]  Q_best=2.128371e+03 Q_mean=2.132502e+03    feasible=240/240  improved=44  clusters=2  corners=0/23  evals=38880
  [DE gen= 157 DONE]  Q_best=2.126251e+03 Q_mean=2.132076e+03    feasible=240/240  improved=48  clusters=2  corners=0/23  evals=39120
  [DE gen= 158 DONE]  Q_best=2.126251e+03 Q_mean=2.131612e+03    feasible=240/240  improved=43  clusters=2  corners=0/23  evals=39360
  [DE gen= 159 DONE]  Q_best=2.126251e+03 Q_mean=2.131260e+03    feasible=240/240  improved=36  clusters=2  corners=0/23  evals=39600
  [DE gen= 160 DONE]  Q_best=2.125059e+03 Q_mean=2.131007e+03    feasible=240/240  improved=29  clusters=2  corners=0/23  evals=39840
  [DE gen= 161 DONE]  Q_best=2.125059e+03 Q_mean=2.130734e+03    feasible=240/240  improved=39  clusters=2  corners=0/23  evals=40080
  [DE gen= 162 DONE]  Q_best=2.125059e+03 Q_mean=2.130529e+03    feasible=240/240  improved=28  clusters=2  corners=0/23  evals=40320
  [DE gen= 163 DONE]  Q_best=2.125059e+03 Q_mean=2.130306e+03    feasible=240/240  improved=23  clusters=2  corners=0/23  evals=40560
  [DE gen= 164 DONE]  Q_best=2.125059e+03 Q_mean=2.130128e+03    feasible=240/240  improved=28  clusters=2  corners=0/23  evals=40800
  [DE gen= 165 DONE]  Q_best=2.125059e+03 Q_mean=2.129971e+03    feasible=240/240  improved=20  clusters=2  corners=0/23  evals=41040
  [DE gen= 166 DONE]  Q_best=2.125059e+03 Q_mean=2.129769e+03    feasible=240/240  improved=33  clusters=2  corners=0/23  evals=41280
  [DE gen= 167 DONE]  Q_best=2.125034e+03 Q_mean=2.129653e+03    feasible=240/240  improved=24  clusters=2  corners=0/23  evals=41520
  [DE gen= 168 DONE]  Q_best=2.125034e+03 Q_mean=2.129397e+03    feasible=240/240  improved=32  clusters=2  corners=0/23  evals=41760
  [DE gen= 169 DONE]  Q_best=2.125034e+03 Q_mean=2.129254e+03    feasible=240/240  improved=20  clusters=2  corners=0/23  evals=42000
  [DE gen= 170 DONE]  Q_best=2.124522e+03 Q_mean=2.129111e+03    feasible=240/240  improved=21  clusters=2  corners=0/23  evals=42240
  [DE gen= 171 DONE]  Q_best=2.124522e+03 Q_mean=2.128990e+03    feasible=240/240  improved=19  clusters=2  corners=0/23  evals=42480
  [DE gen= 172 DONE]  Q_best=2.123398e+03 Q_mean=2.128845e+03    feasible=240/240  improved=23  clusters=2  corners=0/23  evals=42720
  [DE gen= 173 DONE]  Q_best=2.122476e+03 Q_mean=2.128630e+03    feasible=240/240  improved=29  clusters=2  corners=0/23  evals=42960
  [DE gen= 174 DONE]  Q_best=2.120483e+03 Q_mean=2.128487e+03    feasible=240/240  improved=19  clusters=2  corners=0/23  evals=43200
  [DE gen= 175 DONE]  Q_best=2.120483e+03 Q_mean=2.128386e+03    feasible=240/240  improved=14  clusters=2  corners=0/23  evals=43440
  [DE gen= 176 DONE]  Q_best=2.120483e+03 Q_mean=2.128298e+03    feasible=240/240  improved=18  clusters=2  corners=0/23  evals=43680
  [DE gen= 177 DONE]  Q_best=2.120483e+03 Q_mean=2.128209e+03    feasible=240/240  improved=14  clusters=2  corners=0/23  evals=43920
  [DE gen= 178 DONE]  Q_best=2.120483e+03 Q_mean=2.128071e+03    feasible=240/240  improved=16  clusters=2  corners=0/23  evals=44160
  [DE gen= 179 DONE]  Q_best=2.120483e+03 Q_mean=2.127972e+03    feasible=240/240  improved=10  clusters=2  corners=0/23  evals=44400
  [DE gen= 180 DONE]  Q_best=2.120483e+03 Q_mean=2.127845e+03    feasible=240/240  improved=13  clusters=2  corners=0/23  evals=44640
  [DE gen= 181 DONE]  Q_best=2.120483e+03 Q_mean=2.127729e+03    feasible=240/240  improved=16  clusters=2  corners=0/23  evals=44880
  [DE gen= 182 DONE]  Q_best=2.120483e+03 Q_mean=2.127540e+03    feasible=240/240  improved=22  clusters=2  corners=0/23  evals=45120
  [DE gen= 183 DONE]  Q_best=2.120405e+03 Q_mean=2.127441e+03    feasible=240/240  improved=14  clusters=2  corners=0/23  evals=45360
  [DE gen= 184 DONE]  Q_best=2.120405e+03 Q_mean=2.127272e+03    feasible=240/240  improved=12  clusters=2  corners=0/23  evals=45600
  [DE gen= 185 DONE]  Q_best=2.120402e+03 Q_mean=2.127154e+03    feasible=240/240  improved=13  clusters=2  corners=0/23  evals=45840
  [DE gen= 186 DONE]  Q_best=2.120402e+03 Q_mean=2.127002e+03    feasible=240/240  improved=14  clusters=2  corners=0/23  evals=46080
  [DE gen= 187 DONE]  Q_best=2.120402e+03 Q_mean=2.126832e+03    feasible=240/240  improved=19  clusters=2  corners=0/23  evals=46320
  [DE gen= 188 DONE]  Q_best=2.120402e+03 Q_mean=2.126752e+03    feasible=240/240  improved=11  clusters=2  corners=0/23  evals=46560
  [DE gen= 189 DONE]  Q_best=2.120402e+03 Q_mean=2.126697e+03    feasible=240/240  improved=11  clusters=2  corners=0/23  evals=46800
  [DE gen= 190 DONE]  Q_best=2.118939e+03 Q_mean=2.126522e+03    feasible=240/240  improved=15  clusters=2  corners=0/23  evals=47040
  [DE gen= 191 DONE]  Q_best=2.118939e+03 Q_mean=2.126356e+03    feasible=240/240  improved=15  clusters=2  corners=0/23  evals=47280
  [DE gen= 192 DONE]  Q_best=2.118838e+03 Q_mean=2.126261e+03    feasible=240/240  improved=12  clusters=2  corners=0/23  evals=47520
  [DE gen= 193 DONE]  Q_best=2.118838e+03 Q_mean=2.126117e+03    feasible=240/240  improved=15  clusters=2  corners=0/23  evals=47760
  [DE gen= 194 DONE]  Q_best=2.118694e+03 Q_mean=2.126055e+03    feasible=240/240  improved=10  clusters=2  corners=0/23  evals=48000
  [DE gen= 195 DONE]  Q_best=2.118694e+03 Q_mean=2.125923e+03    feasible=240/240  improved=11  clusters=2  corners=0/23  evals=48240
  [DE gen= 196 DONE]  Q_best=2.118694e+03 Q_mean=2.125838e+03    feasible=240/240  improved=10  clusters=2  corners=0/23  evals=48480
  [DE gen= 197 DONE]  Q_best=2.118567e+03 Q_mean=2.125677e+03    feasible=240/240  improved=9  clusters=2  corners=0/23  evals=48720
  [DE gen= 198 DONE]  Q_best=2.118567e+03 Q_mean=2.125643e+03    feasible=240/240  improved=6  clusters=2  corners=0/23  evals=48960
  [DE gen= 199 DONE]  Q_best=2.118076e+03 Q_mean=2.125603e+03    feasible=240/240  improved=7  clusters=2  corners=0/23  evals=49200
  [DE gen= 200 DONE]  Q_best=2.118076e+03 Q_mean=2.125533e+03    feasible=240/240  improved=9  clusters=1  corners=0/23  evals=49440
  [DE gen= 201 DONE]  Q_best=2.118076e+03 Q_mean=2.125386e+03    feasible=240/240  improved=13  clusters=2  corners=0/23  evals=49680
  [DE gen= 202 DONE]  Q_best=2.118076e+03 Q_mean=2.125294e+03    feasible=240/240  improved=11  clusters=2  corners=0/23  evals=49920
  [DE gen= 203 DONE]  Q_best=2.113966e+03 Q_mean=2.125210e+03    feasible=240/240  improved=6  clusters=2  corners=0/23  evals=50160
  [DE gen= 204 DONE]  Q_best=2.113966e+03 Q_mean=2.125152e+03    feasible=240/240  improved=5  clusters=2  corners=0/23  evals=50400
  [DE gen= 205 DONE]  Q_best=2.113966e+03 Q_mean=2.125082e+03    feasible=240/240  improved=9  clusters=1  corners=0/23  evals=50640
  [DE gen= 206 DONE]  Q_best=2.113966e+03 Q_mean=2.125020e+03    feasible=240/240  improved=6  clusters=1  corners=0/23  evals=50880
  [DE gen= 207 DONE]  Q_best=2.113966e+03 Q_mean=2.124922e+03    feasible=240/240  improved=7  clusters=2  corners=0/23  evals=51120
  [DE gen= 208 DONE]  Q_best=2.113966e+03 Q_mean=2.124830e+03    feasible=240/240  improved=10  clusters=2  corners=0/23  evals=51360
  [DE gen= 209 DONE]  Q_best=2.113966e+03 Q_mean=2.124801e+03    feasible=240/240  improved=3  clusters=2  corners=0/23  evals=51600
  [DE pop]  starting population generator: 240 slots, 23 free parameters
  [DE pop]  step 1/2 — ΔQ<1 width per parameter: 12 bisections × 2 directions × 23 params = 552 solves
  [DE pop]  widths done in 461s: 23/23 parameters admit a step, median 0.00747, range 0.00073–0.035
  [DE pop]  step 2/2 — 60 candidates at each sparsity k = 1:23;  Q_seed=2.113966e+03
  [DE pop]  evaluating 1380 candidates...
  [DE pop]  1380 candidates in 959s: 793 feasible, 193 better than the seed  (selecting on improvement)
  [DE pop]  WARNING: only 193 improving for 240 slots (0.8x). The weight cannot
  [DE pop]           select at this headroom — raise gen_per_k to ~150 or lower pop_size.
  [DE pop]  top sparsities by allocated slots: k=23→7(34)  k=18→9(29)  k=1→23  k=4→17  k=6→15
  [DE pop]  47 of 240 slots filled from feasible non-improving draws
  [DE pop]  done: f=1.044  cr=0.478 (k*=11 of 23)  best candidate Q=2.110129e+03
  [DE reheat 6]  gen=209  Q 2.113966e+03 -> 2.110129e+03  f=1.044 cr=0.478  k*=23/23  better=193 feas=793 of 1380  (carried 0)
  [DE gen= 210 DONE]  Q_best=2.108865e+03 Q_mean=2.113943e+03    feasible=240/240  improved=40  clusters=3  corners=0/23  evals=52080
  [DE gen= 211 DONE]  Q_best=2.108865e+03 Q_mean=2.113780e+03    feasible=240/240  improved=26  clusters=3  corners=0/23  evals=52320
  [DE gen= 212 DONE]  Q_best=2.108865e+03 Q_mean=2.113573e+03    feasible=240/240  improved=28  clusters=2  corners=0/23  evals=52560
  [DE gen= 213 DONE]  Q_best=2.108865e+03 Q_mean=2.113340e+03    feasible=240/240  improved=24  clusters=2  corners=0/23  evals=52800
  [DE gen= 214 DONE]  Q_best=2.108865e+03 Q_mean=2.113210e+03    feasible=240/240  improved=18  clusters=2  corners=0/23  evals=53040
  [DE gen= 215 DONE]  Q_best=2.108865e+03 Q_mean=2.113087e+03    feasible=240/240  improved=20  clusters=2  corners=0/23  evals=53280
  [DE gen= 216 DONE]  Q_best=2.108865e+03 Q_mean=2.112891e+03    feasible=240/240  improved=23  clusters=3  corners=0/23  evals=53520
  [DE gen= 217 DONE]  Q_best=2.108865e+03 Q_mean=2.112700e+03    feasible=240/240  improved=25  clusters=3  corners=0/23  evals=53760
  [DE gen= 218 DONE]  Q_best=2.108865e+03 Q_mean=2.112594e+03    feasible=240/240  improved=25  clusters=3  corners=0/23  evals=54000
  [DE gen= 219 DONE]  Q_best=2.108304e+03 Q_mean=2.112388e+03    feasible=240/240  improved=27  clusters=2  corners=0/23  evals=54240
  [DE gen= 220 DONE]  Q_best=2.108304e+03 Q_mean=2.112286e+03    feasible=240/240  improved=17  clusters=2  corners=0/23  evals=54480
  [DE gen= 221 DONE]  Q_best=2.108304e+03 Q_mean=2.112148e+03    feasible=240/240  improved=22  clusters=2  corners=0/23  evals=54720
  [DE gen= 222 DONE]  Q_best=2.108304e+03 Q_mean=2.112054e+03    feasible=240/240  improved=16  clusters=2  corners=0/23  evals=54960
  [DE gen= 223 DONE]  Q_best=2.108304e+03 Q_mean=2.111993e+03    feasible=240/240  improved=11  clusters=2  corners=0/23  evals=55200
  [DE gen= 224 DONE]  Q_best=2.108304e+03 Q_mean=2.111966e+03    feasible=240/240  improved=9  clusters=2  corners=0/23  evals=55440
  [DE gen= 225 DONE]  Q_best=2.108304e+03 Q_mean=2.111862e+03    feasible=240/240  improved=16  clusters=2  corners=0/23  evals=55680
  [DE gen= 226 DONE]  Q_best=2.108304e+03 Q_mean=2.111818e+03    feasible=240/240  improved=9  clusters=2  corners=0/23  evals=55920
  [DE pop]  starting population generator: 240 slots, 23 free parameters
  [DE pop]  step 1/2 — ΔQ<1 width per parameter: 12 bisections × 2 directions × 23 params = 552 solves
  [DE pop]  widths done in 476s: 23/23 parameters admit a step, median 0.00474, range 0.00029–0.1
  [DE pop]  step 2/2 — 60 candidates at each sparsity k = 1:23;  Q_seed=2.108304e+03
  [DE pop]  evaluating 1380 candidates...
  [DE pop]  1380 candidates in 968s: 745 feasible, 130 better than the seed  (selecting on improvement)
  [DE pop]  WARNING: only 130 improving for 240 slots (0.5x). The weight cannot
  [DE pop]           select at this headroom — raise gen_per_k to ~222 or lower pop_size.
  [DE pop]  top sparsities by allocated slots: k=21→4(37)  k=23→5(37)  k=19→4(29)  k=22→3(23)  k=2→11
  [DE pop]  110 of 240 slots filled from feasible non-improving draws
  [DE pop]  done: f=0.889  cr=0.522 (k*=12 of 23)  best candidate Q=2.105561e+03
  [DE reheat 7]  gen=226  Q 2.108304e+03 -> 2.105561e+03  f=0.889 cr=0.522  k*=21/23  better=130 feas=745 of 1380  (carried 0)
  [DE gen= 227 DONE]  Q_best=2.105423e+03 Q_mean=2.109570e+03    feasible=240/240  improved=41  clusters=2  corners=0/23  evals=56400
  [DE gen= 228 DONE]  Q_best=2.104957e+03 Q_mean=2.109214e+03    feasible=240/240  improved=33  clusters=2  corners=0/23  evals=56640
  [DE gen= 229 DONE]  Q_best=2.104957e+03 Q_mean=2.108798e+03    feasible=240/240  improved=40  clusters=2  corners=0/23  evals=56880
  [DE gen= 230 DONE]  Q_best=2.104381e+03 Q_mean=2.108477e+03    feasible=240/240  improved=25  clusters=2  corners=0/23  evals=57120
  [DE gen= 231 DONE]  Q_best=2.104381e+03 Q_mean=2.108282e+03    feasible=240/240  improved=34  clusters=2  corners=0/23  evals=57360
  [DE gen= 232 DONE]  Q_best=2.104381e+03 Q_mean=2.108040e+03    feasible=240/240  improved=33  clusters=2  corners=0/23  evals=57600
  [DE gen= 233 DONE]  Q_best=2.104381e+03 Q_mean=2.107874e+03    feasible=240/240  improved=29  clusters=2  corners=0/23  evals=57840
  [DE gen= 234 DONE]  Q_best=2.104381e+03 Q_mean=2.107712e+03    feasible=240/240  improved=33  clusters=2  corners=0/23  evals=58080
  [DE gen= 235 DONE]  Q_best=2.104381e+03 Q_mean=2.107557e+03    feasible=240/240  improved=25  clusters=2  corners=0/23  evals=58320
  [DE gen= 236 DONE]  Q_best=2.104381e+03 Q_mean=2.107407e+03    feasible=240/240  improved=23  clusters=2  corners=0/23  evals=58560
  [DE gen= 237 DONE]  Q_best=2.104204e+03 Q_mean=2.107294e+03    feasible=240/240  improved=23  clusters=2  corners=0/23  evals=58800
  [DE gen= 238 DONE]  Q_best=2.104204e+03 Q_mean=2.107211e+03    feasible=240/240  improved=21  clusters=2  corners=0/23  evals=59040
  [DE gen= 239 DONE]  Q_best=2.104204e+03 Q_mean=2.107100e+03    feasible=240/240  improved=20  clusters=2  corners=0/23  evals=59280
  [DE gen= 240 DONE]  Q_best=2.104031e+03 Q_mean=2.107028e+03    feasible=240/240  improved=19  clusters=2  corners=0/23  evals=59520
  [DE gen= 241 DONE]  Q_best=2.103721e+03 Q_mean=2.106928e+03    feasible=240/240  improved=21  clusters=2  corners=0/23  evals=59760
  [DE gen= 242 DONE]  Q_best=2.102137e+03 Q_mean=2.106817e+03    feasible=240/240  improved=20  clusters=2  corners=0/23  evals=60000
  [DE gen= 243 DONE]  Q_best=2.102137e+03 Q_mean=2.106732e+03    feasible=240/240  improved=16  clusters=2  corners=0/23  evals=60240
  [DE gen= 244 DONE]  Q_best=2.102137e+03 Q_mean=2.106665e+03    feasible=240/240  improved=19  clusters=2  corners=0/23  evals=60480
  [DE gen= 245 DONE]  Q_best=2.102137e+03 Q_mean=2.106587e+03    feasible=240/240  improved=14  clusters=2  corners=0/23  evals=60720
  [DE gen= 246 DONE]  Q_best=2.102137e+03 Q_mean=2.106519e+03    feasible=240/240  improved=15  clusters=2  corners=0/23  evals=60960
  [DE gen= 247 DONE]  Q_best=2.102137e+03 Q_mean=2.106414e+03    feasible=240/240  improved=21  clusters=2  corners=0/23  evals=61200
  [DE gen= 248 DONE]  Q_best=2.102137e+03 Q_mean=2.106335e+03    feasible=240/240  improved=17  clusters=2  corners=0/23  evals=61440
  [DE gen= 249 DONE]  Q_best=2.102137e+03 Q_mean=2.106255e+03    feasible=240/240  improved=11  clusters=2  corners=0/23  evals=61680
  [DE gen= 250 DONE]  Q_best=2.102137e+03 Q_mean=2.106189e+03    feasible=240/240  improved=13  clusters=2  corners=0/23  evals=61920
  [DE gen= 251 DONE]  Q_best=2.101668e+03 Q_mean=2.106117e+03    feasible=240/240  improved=11  clusters=2  corners=0/23  evals=62160
  [DE gen= 252 DONE]  Q_best=2.101668e+03 Q_mean=2.106006e+03    feasible=240/240  improved=19  clusters=2  corners=0/23  evals=62400
  [DE gen= 253 DONE]  Q_best=2.101668e+03 Q_mean=2.105944e+03    feasible=240/240  improved=15  clusters=2  corners=0/23  evals=62640
  [DE gen= 254 DONE]  Q_best=2.101668e+03 Q_mean=2.105836e+03    feasible=240/240  improved=24  clusters=2  corners=0/23  evals=62880
  [DE gen= 255 DONE]  Q_best=2.101668e+03 Q_mean=2.105766e+03    feasible=240/240  improved=16  clusters=2  corners=0/23  evals=63120
  [DE gen= 256 DONE]  Q_best=2.100738e+03 Q_mean=2.105695e+03    feasible=240/240  improved=11  clusters=2  corners=0/23  evals=63360
  [DE gen= 257 DONE]  Q_best=2.100738e+03 Q_mean=2.105604e+03    feasible=240/240  improved=14  clusters=2  corners=0/23  evals=63600
  [DE gen= 258 DONE]  Q_best=2.100738e+03 Q_mean=2.105579e+03    feasible=240/240  improved=9  clusters=2  corners=0/23  evals=63840
  [DE gen= 259 DONE]  Q_best=2.100738e+03 Q_mean=2.105535e+03    feasible=240/240  improved=12  clusters=2  corners=0/23  evals=64080
  [DE gen= 260 DONE]  Q_best=2.100738e+03 Q_mean=2.105465e+03    feasible=240/240  improved=15  clusters=2  corners=0/23  evals=64320
  [DE gen= 261 DONE]  Q_best=2.100738e+03 Q_mean=2.105379e+03    feasible=240/240  improved=15  clusters=2  corners=0/23  evals=64560
  [DE gen= 262 DONE]  Q_best=2.100738e+03 Q_mean=2.105297e+03    feasible=240/240  improved=13  clusters=2  corners=0/23  evals=64800
  [DE gen= 263 DONE]  Q_best=2.100738e+03 Q_mean=2.105254e+03    feasible=240/240  improved=8  clusters=2  corners=0/23  evals=65040
  [DE pop]  starting population generator: 240 slots, 23 free parameters
  [DE pop]  step 1/2 — ΔQ<1 width per parameter: 12 bisections × 2 directions × 23 params = 552 solves
  [DE pop]  widths done in 510s: 23/23 parameters admit a step, median 0.00464, range 0.0002–0.054
  [DE pop]  step 2/2 — 60 candidates at each sparsity k = 1:23;  Q_seed=2.100738e+03
  [DE pop]  evaluating 1380 candidates...
  [DE pop]  1380 candidates in 1241s: 791 feasible, 176 better than the seed  (selecting on improvement)
  [DE pop]  WARNING: only 176 improving for 240 slots (0.7x). The weight cannot
  [DE pop]           select at this headroom — raise gen_per_k to ~164 or lower pop_size.
  [DE pop]  top sparsities by allocated slots: k=18→8(36)  k=21→3(26)  k=13→10(23)  k=1→21  k=2→18
  [DE pop]  64 of 240 slots filled from feasible non-improving draws
  [DE pop]  done: f=1.075  cr=0.435 (k*=10 of 23)  best candidate Q=2.098521e+03
  [DE reheat 8]  gen=263  Q 2.100738e+03 -> 2.098521e+03  f=1.075 cr=0.435  k*=18/23  better=176 feas=791 of 1380  (carried 0)
  [DE gen= 264 DONE]  Q_best=2.098347e+03 Q_mean=2.101035e+03    feasible=240/240  improved=30  clusters=2  corners=0/23  evals=65520
  [DE gen= 265 DONE]  Q_best=2.098224e+03 Q_mean=2.100799e+03    feasible=240/240  improved=32  clusters=2  corners=0/23  evals=65760
  [DE gen= 266 DONE]  Q_best=2.098224e+03 Q_mean=2.100624e+03    feasible=240/240  improved=31  clusters=2  corners=0/23  evals=66000
  [DE gen= 267 DONE]  Q_best=2.098224e+03 Q_mean=2.100545e+03    feasible=240/240  improved=20  clusters=1  corners=0/23  evals=66240
  [DE gen= 268 DONE]  Q_best=2.098224e+03 Q_mean=2.100408e+03    feasible=240/240  improved=25  clusters=2  corners=0/23  evals=66480
  [DE gen= 269 DONE]  Q_best=2.097537e+03 Q_mean=2.100325e+03    feasible=240/240  improved=21  clusters=2  corners=0/23  evals=66720
  [DE gen= 270 DONE]  Q_best=2.097537e+03 Q_mean=2.100258e+03    feasible=240/240  improved=25  clusters=1  corners=0/23  evals=66960
  [DE gen= 271 DONE]  Q_best=2.097537e+03 Q_mean=2.100178e+03    feasible=240/240  improved=20  clusters=2  corners=0/23  evals=67200
  [DE gen= 272 DONE]  Q_best=2.097537e+03 Q_mean=2.100114e+03    feasible=240/240  improved=23  clusters=2  corners=0/23  evals=67440
  [DE gen= 273 DONE]  Q_best=2.097537e+03 Q_mean=2.100023e+03    feasible=240/240  improved=19  clusters=2  corners=0/23  evals=67680
  [DE gen= 274 DONE]  Q_best=2.095487e+03 Q_mean=2.099955e+03    feasible=240/240  improved=21  clusters=2  corners=0/23  evals=67920
  [DE gen= 275 DONE]  Q_best=2.095487e+03 Q_mean=2.099886e+03    feasible=240/240  improved=14  clusters=2  corners=0/23  evals=68160
  [DE gen= 276 DONE]  Q_best=2.095487e+03 Q_mean=2.099823e+03    feasible=240/240  improved=18  clusters=2  corners=0/23  evals=68400
  [DE gen= 277 DONE]  Q_best=2.095487e+03 Q_mean=2.099759e+03    feasible=240/240  improved=23  clusters=2  corners=0/23  evals=68640
  [DE gen= 278 DONE]  Q_best=2.095487e+03 Q_mean=2.099696e+03    feasible=240/240  improved=17  clusters=2  corners=0/23  evals=68880
  [DE gen= 279 DONE]  Q_best=2.095487e+03 Q_mean=2.099617e+03    feasible=240/240  improved=15  clusters=2  corners=0/23  evals=69120
  [DE gen= 280 DONE]  Q_best=2.095487e+03 Q_mean=2.099572e+03    feasible=240/240  improved=15  clusters=2  corners=0/23  evals=69360
  [DE gen= 281 DONE]  Q_best=2.095487e+03 Q_mean=2.099503e+03    feasible=240/240  improved=20  clusters=2  corners=0/23  evals=69600
  [DE gen= 282 DONE]  Q_best=2.095487e+03 Q_mean=2.099467e+03    feasible=240/240  improved=10  clusters=2  corners=0/23  evals=69840
  [DE gen= 283 DONE]  Q_best=2.095487e+03 Q_mean=2.099435e+03    feasible=240/240  improved=10  clusters=2  corners=0/23  evals=70080
  [DE gen= 284 DONE]  Q_best=2.095487e+03 Q_mean=2.099335e+03    feasible=240/240  improved=22  clusters=2  corners=0/23  evals=70320
  [DE gen= 285 DONE]  Q_best=2.095487e+03 Q_mean=2.099286e+03    feasible=240/240  improved=9  clusters=2  corners=0/23  evals=70560
  [DE pop]  starting population generator: 240 slots, 23 free parameters
  [DE pop]  step 1/2 — ΔQ<1 width per parameter: 12 bisections × 2 directions × 23 params = 552 solves
  [DE pop]  widths done in 348s: 23/23 parameters admit a step, median 0.00527, range 0.00088–0.06
  [DE pop]  step 2/2 — 60 candidates at each sparsity k = 1:23;  Q_seed=2.095487e+03
  [DE pop]  evaluating 1380 candidates...
  [DE pop]  1380 candidates in 854s: 819 feasible, 109 better than the seed  (selecting on improvement)
  [DE pop]  WARNING: only 109 improving for 240 slots (0.5x). The weight cannot
  [DE pop]           select at this headroom — raise gen_per_k to ~265 or lower pop_size.
  [DE pop]  top sparsities by allocated slots: k=8→5(37)  k=13→4(36)  k=23→3(31)  k=9→3(29)  k=1→23
  [DE pop]  131 of 240 slots filled from feasible non-improving draws
  [DE pop]  done: f=1.103  cr=0.391 (k*=9 of 23)  best candidate Q=2.094467e+03
  [DE reheat 9]  gen=285  Q 2.095487e+03 -> 2.094467e+03  f=1.103 cr=0.391  k*=8/23  better=109 feas=819 of 1380  (carried 0)
  [DE gen= 286 DONE]  Q_best=2.093785e+03 Q_mean=2.096313e+03    feasible=240/240  improved=41  clusters=2  corners=0/23  evals=71040
  [DE gen= 287 DONE]  Q_best=2.093785e+03 Q_mean=2.096126e+03    feasible=240/240  improved=37  clusters=2  corners=0/23  evals=71280
  [DE gen= 288 DONE]  Q_best=2.093785e+03 Q_mean=2.096022e+03    feasible=240/240  improved=26  clusters=2  corners=0/23  evals=71520
  [DE gen= 289 DONE]  Q_best=2.093629e+03 Q_mean=2.095958e+03    feasible=240/240  improved=24  clusters=2  corners=0/23  evals=71760
  [DE gen= 290 DONE]  Q_best=2.093629e+03 Q_mean=2.095863e+03    feasible=240/240  improved=27  clusters=2  corners=0/23  evals=72000
  [DE gen= 291 DONE]  Q_best=2.093240e+03 Q_mean=2.095782e+03    feasible=240/240  improved=25  clusters=2  corners=0/23  evals=72240
  [DE gen= 292 DONE]  Q_best=2.093240e+03 Q_mean=2.095715e+03    feasible=240/240  improved=26  clusters=2  corners=0/23  evals=72480
  [DE gen= 293 DONE]  Q_best=2.093240e+03 Q_mean=2.095635e+03    feasible=240/240  improved=27  clusters=2  corners=0/23  evals=72720
  [DE gen= 294 DONE]  Q_best=2.093240e+03 Q_mean=2.095568e+03    feasible=240/240  improved=27  clusters=2  corners=0/23  evals=72960
  [DE gen= 295 DONE]  Q_best=2.093240e+03 Q_mean=2.095507e+03    feasible=240/240  improved=21  clusters=2  corners=0/23  evals=73200
  [DE gen= 296 DONE]  Q_best=2.093240e+03 Q_mean=2.095447e+03    feasible=240/240  improved=19  clusters=2  corners=0/23  evals=73440
  [DE gen= 297 DONE]  Q_best=2.093240e+03 Q_mean=2.095394e+03    feasible=240/240  improved=22  clusters=2  corners=0/23  evals=73680
  [DE gen= 298 DONE]  Q_best=2.093240e+03 Q_mean=2.095320e+03    feasible=240/240  improved=21  clusters=2  corners=0/23  evals=73920
  [DE gen= 299 DONE]  Q_best=2.093240e+03 Q_mean=2.095250e+03    feasible=240/240  improved=18  clusters=2  corners=0/23  evals=74160
  [DE gen= 300 DONE]  Q_best=2.093240e+03 Q_mean=2.095210e+03    feasible=240/240  improved=20  clusters=2  corners=0/23  evals=74400
  [DE gen= 301 DONE]  Q_best=2.093159e+03 Q_mean=2.095176e+03    feasible=240/240  improved=10  clusters=2  corners=0/23  evals=74640
  [DE gen= 302 DONE]  Q_best=2.093159e+03 Q_mean=2.095145e+03    feasible=240/240  improved=11  clusters=2  corners=0/23  evals=74880
  [DE gen= 303 DONE]  Q_best=2.093159e+03 Q_mean=2.095119e+03    feasible=240/240  improved=10  clusters=2  corners=0/23  evals=75120
  [DE gen= 304 DONE]  Q_best=2.093159e+03 Q_mean=2.095092e+03    feasible=240/240  improved=10  clusters=2  corners=0/23  evals=75360
  [DE gen= 305 DONE]  Q_best=2.092750e+03 Q_mean=2.095030e+03    feasible=240/240  improved=15  clusters=2  corners=0/23  evals=75600
  [DE gen= 306 DONE]  Q_best=2.092750e+03 Q_mean=2.094973e+03    feasible=240/240  improved=17  clusters=2  corners=0/23  evals=75840
  [DE gen= 307 DONE]  Q_best=2.092425e+03 Q_mean=2.094909e+03    feasible=240/240  improved=16  clusters=2  corners=0/23  evals=76080
  [DE gen= 308 DONE]  Q_best=2.092310e+03 Q_mean=2.094857e+03    feasible=240/240  improved=14  clusters=2  corners=0/23  evals=76320
  [DE gen= 309 DONE]  Q_best=2.091734e+03 Q_mean=2.094798e+03    feasible=240/240  improved=15  clusters=2  corners=0/23  evals=76560
  [DE gen= 310 DONE]  Q_best=2.091734e+03 Q_mean=2.094768e+03    feasible=240/240  improved=11  clusters=2  corners=0/23  evals=76800
  [DE gen= 311 DONE]  Q_best=2.091734e+03 Q_mean=2.094725e+03    feasible=240/240  improved=16  clusters=2  corners=0/23  evals=77040
  [DE gen= 312 DONE]  Q_best=2.091032e+03 Q_mean=2.094680e+03    feasible=240/240  improved=15  clusters=2  corners=0/23  evals=77280
  [DE gen= 313 DONE]  Q_best=2.091032e+03 Q_mean=2.094641e+03    feasible=240/240  improved=10  clusters=2  corners=0/23  evals=77520
  [DE gen= 314 DONE]  Q_best=2.091032e+03 Q_mean=2.094622e+03    feasible=240/240  improved=7  clusters=2  corners=0/23  evals=77760
  [DE gen= 315 DONE]  Q_best=2.091032e+03 Q_mean=2.094584e+03    feasible=240/240  improved=10  clusters=2  corners=0/23  evals=78000
  [DE gen= 316 DONE]  Q_best=2.091032e+03 Q_mean=2.094524e+03    feasible=240/240  improved=16  clusters=2  corners=0/23  evals=78240
  [DE gen= 317 DONE]  Q_best=2.090919e+03 Q_mean=2.094487e+03    feasible=240/240  improved=12  clusters=2  corners=0/23  evals=78480
  [DE gen= 318 DONE]  Q_best=2.090919e+03 Q_mean=2.094423e+03    feasible=240/240  improved=14  clusters=2  corners=0/23  evals=78720
  [DE gen= 319 DONE]  Q_best=2.090635e+03 Q_mean=2.094372e+03    feasible=240/240  improved=14  clusters=2  corners=0/23  evals=78960
  [DE gen= 320 DONE]  Q_best=2.090635e+03 Q_mean=2.094319e+03    feasible=240/240  improved=13  clusters=2  corners=0/23  evals=79200
  [DE gen= 321 DONE]  Q_best=2.090635e+03 Q_mean=2.094287e+03    feasible=240/240  improved=8  clusters=2  corners=0/23  evals=79440
  [DE gen= 322 DONE]  Q_best=2.090635e+03 Q_mean=2.094245e+03    feasible=240/240  improved=12  clusters=2  corners=0/23  evals=79680
  [DE gen= 323 DONE]  Q_best=2.090635e+03 Q_mean=2.094209e+03    feasible=240/240  improved=13  clusters=2  corners=0/23  evals=79920
  [DE gen= 324 DONE]  Q_best=2.090635e+03 Q_mean=2.094177e+03    feasible=240/240  improved=12  clusters=2  corners=0/23  evals=80160
  [DE gen= 325 DONE]  Q_best=2.090635e+03 Q_mean=2.094164e+03    feasible=240/240  improved=5  clusters=2  corners=0/23  evals=80400
  [DE pop]  starting population generator: 240 slots, 23 free parameters
  [DE pop]  step 1/2 — ΔQ<1 width per parameter: 12 bisections × 2 directions × 23 params = 552 solves
  [DE pop]  widths done in 337s: 23/23 parameters admit a step, median 0.00596, range 0.00073–0.05
  [DE pop]  step 2/2 — 60 candidates at each sparsity k = 1:23;  Q_seed=2.090635e+03
  [DE pop]  evaluating 1380 candidates...
  [DE pop]  1380 candidates in 699s: 818 feasible, 170 better than the seed  (selecting on improvement)
  [DE pop]  WARNING: only 170 improving for 240 slots (0.7x). The weight cannot
  [DE pop]           select at this headroom — raise gen_per_k to ~170 or lower pop_size.
  [DE pop]  top sparsities by allocated slots: k=23→6(39)  k=13→6(29)  k=18→6(20)  k=1→19  k=2→19
  [DE pop]  70 of 240 slots filled from feasible non-improving draws
  [DE pop]  done: f=1.071  cr=0.478 (k*=11 of 23)  best candidate Q=2.088177e+03
  [DE reheat 10]  gen=325  Q 2.090635e+03 -> 2.088177e+03  f=1.071 cr=0.478  k*=23/23  better=170 feas=818 of 1380  (carried 0)
  [DE gen= 326 DONE]  Q_best=2.088177e+03 Q_mean=2.091400e+03    feasible=240/240  improved=32  clusters=2  corners=0/23  evals=80880
  [DE gen= 327 DONE]  Q_best=2.087578e+03 Q_mean=2.091025e+03    feasible=240/240  improved=35  clusters=2  corners=0/23  evals=81120
  [DE gen= 328 DONE]  Q_best=2.087578e+03 Q_mean=2.090824e+03    feasible=240/240  improved=27  clusters=2  corners=0/23  evals=81360
  [DE gen= 329 DONE]  Q_best=2.087578e+03 Q_mean=2.090673e+03    feasible=240/240  improved=21  clusters=2  corners=0/23  evals=81600
  [DE gen= 330 DONE]  Q_best=2.087187e+03 Q_mean=2.090547e+03    feasible=240/240  improved=27  clusters=2  corners=0/23  evals=81840
  [DE gen= 331 DONE]  Q_best=2.086992e+03 Q_mean=2.090434e+03    feasible=240/240  improved=18  clusters=2  corners=0/23  evals=82080
  [DE gen= 332 DONE]  Q_best=2.086992e+03 Q_mean=2.090332e+03    feasible=240/240  improved=27  clusters=1  corners=0/23  evals=82320
  [DE gen= 333 DONE]  Q_best=2.086992e+03 Q_mean=2.090230e+03    feasible=240/240  improved=17  clusters=2  corners=0/23  evals=82560
  [DE gen= 334 DONE]  Q_best=2.086992e+03 Q_mean=2.090168e+03    feasible=240/240  improved=23  clusters=1  corners=0/23  evals=82800
  [DE gen= 335 DONE]  Q_best=2.086992e+03 Q_mean=2.090069e+03    feasible=240/240  improved=21  clusters=2  corners=0/23  evals=83040
  [DE gen= 336 DONE]  Q_best=2.086992e+03 Q_mean=2.089984e+03    feasible=240/240  improved=16  clusters=1  corners=0/23  evals=83280
  [DE gen= 337 DONE]  Q_best=2.086992e+03 Q_mean=2.089906e+03    feasible=240/240  improved=18  clusters=2  corners=0/23  evals=83520
  [DE gen= 338 DONE]  Q_best=2.086992e+03 Q_mean=2.089842e+03    feasible=240/240  improved=15  clusters=2  corners=0/23  evals=83760
  [DE gen= 339 DONE]  Q_best=2.086992e+03 Q_mean=2.089789e+03    feasible=240/240  improved=13  clusters=2  corners=0/23  evals=84000
  [DE gen= 340 DONE]  Q_best=2.086992e+03 Q_mean=2.089749e+03    feasible=240/240  improved=14  clusters=2  corners=0/23  evals=84240
  [DE gen= 341 DONE]  Q_best=2.086992e+03 Q_mean=2.089693e+03    feasible=240/240  improved=14  clusters=2  corners=0/23  evals=84480
  [DE gen= 342 DONE]  Q_best=2.086992e+03 Q_mean=2.089638e+03    feasible=240/240  improved=17  clusters=2  corners=0/23  evals=84720
  [DE gen= 343 DONE]  Q_best=2.086992e+03 Q_mean=2.089583e+03    feasible=240/240  improved=17  clusters=2  corners=0/23  evals=84960
  [DE gen= 344 DONE]  Q_best=2.086992e+03 Q_mean=2.089543e+03    feasible=240/240  improved=11  clusters=2  corners=0/23  evals=85200
  [DE gen= 345 DONE]  Q_best=2.086992e+03 Q_mean=2.089510e+03    feasible=240/240  improved=9  clusters=2  corners=0/23  evals=85440
  [DE pop]  starting population generator: 240 slots, 23 free parameters
  [DE pop]  step 1/2 — ΔQ<1 width per parameter: 12 bisections × 2 directions × 23 params = 552 solves
  [DE pop]  widths done in 339s: 23/23 parameters admit a step, median 0.00669, range 0.00083–0.052
  [DE pop]  step 2/2 — 60 candidates at each sparsity k = 1:23;  Q_seed=2.086992e+03
  [DE pop]  evaluating 1380 candidates...
  [DE pop]  1380 candidates in 800s: 786 feasible, 78 better than the seed  (selecting on improvement)
  [DE pop]  WARNING: only 78 improving for 240 slots (0.3x). The weight cannot
  [DE pop]           select at this headroom — raise gen_per_k to ~370 or lower pop_size.
  [DE pop]  top sparsities by allocated slots: k=14→5(39)  k=12→3(35)  k=13→4(31)  k=5→7(27)  k=17→1(27)
  [DE pop]  162 of 240 slots filled from feasible non-improving draws
  [DE pop]  done: f=1.035  cr=0.391 (k*=9 of 23)  best candidate Q=2.085495e+03
  [DE reheat 11]  gen=345  Q 2.086992e+03 -> 2.085495e+03  f=1.035 cr=0.391  k*=14/23  better=78 feas=786 of 1380  (carried 0)
  [DE gen= 346 DONE]  Q_best=2.085495e+03 Q_mean=2.088702e+03    feasible=240/240  improved=29  clusters=2  corners=0/23  evals=85920
  [DE gen= 347 DONE]  Q_best=2.085495e+03 Q_mean=2.088482e+03    feasible=240/240  improved=29  clusters=2  corners=0/23  evals=86160
  [DE gen= 348 DONE]  Q_best=2.085495e+03 Q_mean=2.088344e+03    feasible=240/240  improved=26  clusters=2  corners=0/23  evals=86400
  [DE gen= 349 DONE]  Q_best=2.085495e+03 Q_mean=2.088196e+03    feasible=240/240  improved=26  clusters=3  corners=0/23  evals=86640
  [DE gen= 350 DONE]  Q_best=2.085495e+03 Q_mean=2.088106e+03    feasible=240/240  improved=17  clusters=3  corners=0/23  evals=86880
  [DE gen= 351 DONE]  Q_best=2.085495e+03 Q_mean=2.088031e+03    feasible=240/240  improved=25  clusters=3  corners=0/23  evals=87120
  [DE gen= 352 DONE]  Q_best=2.085495e+03 Q_mean=2.087912e+03    feasible=240/240  improved=23  clusters=3  corners=0/23  evals=87360
  [DE gen= 353 DONE]  Q_best=2.085495e+03 Q_mean=2.087815e+03    feasible=240/240  improved=23  clusters=2  corners=0/23  evals=87600
  [DE gen= 354 DONE]  Q_best=2.085495e+03 Q_mean=2.087713e+03    feasible=240/240  improved=22  clusters=2  corners=0/23  evals=87840
  [DE gen= 355 DONE]  Q_best=2.085495e+03 Q_mean=2.087650e+03    feasible=240/240  improved=11  clusters=2  corners=0/23  evals=88080
  [DE gen= 356 DONE]  Q_best=2.085240e+03 Q_mean=2.087541e+03    feasible=240/240  improved=20  clusters=2  corners=0/23  evals=88320
  [DE gen= 357 DONE]  Q_best=2.085240e+03 Q_mean=2.087463e+03    feasible=240/240  improved=23  clusters=3  corners=0/23  evals=88560
  [DE gen= 358 DONE]  Q_best=2.085240e+03 Q_mean=2.087423e+03    feasible=240/240  improved=11  clusters=4  corners=0/23  evals=88800
  [DE gen= 359 DONE]  Q_best=2.085240e+03 Q_mean=2.087353e+03    feasible=240/240  improved=15  clusters=5  corners=0/23  evals=89040
  [DE gen= 360 DONE]  Q_best=2.085240e+03 Q_mean=2.087307e+03    feasible=240/240  improved=15  clusters=3  corners=0/23  evals=89280
  [DE gen= 361 DONE]  Q_best=2.084352e+03 Q_mean=2.087263e+03    feasible=240/240  improved=11  clusters=2  corners=0/23  evals=89520
  [DE gen= 362 DONE]  Q_best=2.084352e+03 Q_mean=2.087216e+03    feasible=240/240  improved=12  clusters=2  corners=0/23  evals=89760
  [DE gen= 363 DONE]  Q_best=2.084352e+03 Q_mean=2.087185e+03    feasible=240/240  improved=14  clusters=2  corners=0/23  evals=90000
  [DE gen= 364 DONE]  Q_best=2.084352e+03 Q_mean=2.087166e+03    feasible=240/240  improved=10  clusters=2  corners=0/23  evals=90240
  [DE gen= 365 DONE]  Q_best=2.084352e+03 Q_mean=2.087105e+03    feasible=240/240  improved=13  clusters=3  corners=0/23  evals=90480
  [DE gen= 366 DONE]  Q_best=2.084352e+03 Q_mean=2.087065e+03    feasible=240/240  improved=9  clusters=3  corners=0/23  evals=90720
  [DE gen= 367 DONE]  Q_best=2.084352e+03 Q_mean=2.087016e+03    feasible=240/240  improved=13  clusters=1  corners=0/23  evals=90960
  [DE gen= 368 DONE]  Q_best=2.084352e+03 Q_mean=2.086965e+03    feasible=240/240  improved=16  clusters=2  corners=0/23  evals=91200
  [DE gen= 369 DONE]  Q_best=2.084352e+03 Q_mean=2.086934e+03    feasible=240/240  improved=15  clusters=2  corners=0/23  evals=91440
  [DE gen= 370 DONE]  Q_best=2.084352e+03 Q_mean=2.086920e+03    feasible=240/240  improved=6  clusters=3  corners=0/23  evals=91680
  [DE pop]  starting population generator: 240 slots, 23 free parameters
  [DE pop]  step 1/2 — ΔQ<1 width per parameter: 12 bisections × 2 directions × 23 params = 552 solves
  [DE pop]  widths done in 384s: 23/23 parameters admit a step, median 0.00366, range 0.00083–0.066
  [DE pop]  step 2/2 — 60 candidates at each sparsity k = 1:23;  Q_seed=2.084352e+03
  [DE pop]  evaluating 1380 candidates...
  [DE pop]  1380 candidates in 976s: 768 feasible, 99 better than the seed  (selecting on improvement)
  [DE pop]  WARNING: only 99 improving for 240 slots (0.4x). The weight cannot
  [DE pop]           select at this headroom — raise gen_per_k to ~291 or lower pop_size.
  [DE pop]  top sparsities by allocated slots: k=19→5(38)  k=18→3(35)  k=20→6(35)  k=16→4(34)  k=10→4(21)
  [DE pop]  141 of 240 slots filled from feasible non-improving draws
  [DE pop]  done: f=0.966  cr=0.478 (k*=11 of 23)  best candidate Q=2.082582e+03
  [DE reheat 12]  gen=370  Q 2.084352e+03 -> 2.082582e+03  f=0.966 cr=0.478  k*=19/23  better=99 feas=768 of 1380  (carried 0)
  [DE gen= 371 DONE]  Q_best=2.082582e+03 Q_mean=2.085791e+03    feasible=240/240  improved=27  clusters=2  corners=0/23  evals=92160
  [DE gen= 372 DONE]  Q_best=2.082582e+03 Q_mean=2.085538e+03    feasible=240/240  improved=27  clusters=2  corners=0/23  evals=92400
  [DE gen= 373 DONE]  Q_best=2.082582e+03 Q_mean=2.085421e+03    feasible=240/240  improved=20  clusters=3  corners=0/23  evals=92640
  [DE gen= 374 DONE]  Q_best=2.082582e+03 Q_mean=2.085290e+03    feasible=240/240  improved=21  clusters=3  corners=0/23  evals=92880
  [DE gen= 375 DONE]  Q_best=2.082582e+03 Q_mean=2.085179e+03    feasible=240/240  improved=23  clusters=4  corners=0/23  evals=93120
  [DE gen= 376 DONE]  Q_best=2.082582e+03 Q_mean=2.085016e+03    feasible=240/240  improved=28  clusters=3  corners=0/23  evals=93360
  [DE gen= 377 DONE]  Q_best=2.082582e+03 Q_mean=2.084940e+03    feasible=240/240  improved=9  clusters=3  corners=0/23  evals=93600
  [DE pop]  starting population generator: 240 slots, 23 free parameters
  [DE pop]  step 1/2 — ΔQ<1 width per parameter: 12 bisections × 2 directions × 23 params = 552 solves
  [DE pop]  widths done in 394s: 23/23 parameters admit a step, median 0.00454, range 0.00059–0.05
  [DE pop]  step 2/2 — 60 candidates at each sparsity k = 1:23;  Q_seed=2.082582e+03
  [DE pop]  evaluating 1380 candidates...
  [DE pop]  1380 candidates in 906s: 810 feasible, 73 better than the seed  (selecting on improvement)
  [DE pop]  WARNING: only 73 improving for 240 slots (0.3x). The weight cannot
  [DE pop]           select at this headroom — raise gen_per_k to ~395 or lower pop_size.
  [DE pop]  top sparsities by allocated slots: k=5→3(37)  k=11→3(35)  k=10→3(34)  k=23→1(32)  k=12→3(31)
  [DE pop]  167 of 240 slots filled from feasible non-improving draws
  [DE pop]  done: f=1.108  cr=0.348 (k*=8 of 23)  best candidate Q=2.081761e+03
  [DE reheat 13]  gen=377  Q 2.082582e+03 -> 2.081761e+03  f=1.108 cr=0.348  k*=5/23  better=73 feas=810 of 1380  (carried 0)
  [DE gen= 378 DONE]  Q_best=2.081761e+03 Q_mean=2.084008e+03    feasible=240/240  improved=41  clusters=2  corners=0/23  evals=94080
  [DE gen= 379 DONE]  Q_best=2.081761e+03 Q_mean=2.083856e+03    feasible=240/240  improved=28  clusters=1  corners=0/23  evals=94320
  [DE gen= 380 DONE]  Q_best=2.081653e+03 Q_mean=2.083697e+03    feasible=240/240  improved=32  clusters=2  corners=0/23  evals=94560
  [DE gen= 381 DONE]  Q_best=2.081653e+03 Q_mean=2.083594e+03    feasible=240/240  improved=23  clusters=2  corners=0/23  evals=94800
  [DE gen= 382 DONE]  Q_best=2.081653e+03 Q_mean=2.083389e+03    feasible=240/240  improved=40  clusters=2  corners=0/23  evals=95040
  [DE gen= 383 DONE]  Q_best=2.081653e+03 Q_mean=2.083309e+03    feasible=240/240  improved=22  clusters=2  corners=0/23  evals=95280
  [DE gen= 384 DONE]  Q_best=2.081653e+03 Q_mean=2.083253e+03    feasible=240/240  improved=19  clusters=2  corners=0/23  evals=95520
  [DE gen= 385 DONE]  Q_best=2.081653e+03 Q_mean=2.083219e+03    feasible=240/240  improved=11  clusters=2  corners=0/23  evals=95760
  [DE gen= 386 DONE]  Q_best=2.081653e+03 Q_mean=2.083181e+03    feasible=240/240  improved=15  clusters=2  corners=0/23  evals=96000
  [DE gen= 387 DONE]  Q_best=2.081653e+03 Q_mean=2.083149e+03    feasible=240/240  improved=18  clusters=2  corners=0/23  evals=96240
  [DE gen= 388 DONE]  Q_best=2.080880e+03 Q_mean=2.083086e+03    feasible=240/240  improved=17  clusters=2  corners=0/23  evals=96480
  [DE gen= 389 DONE]  Q_best=2.080880e+03 Q_mean=2.083056e+03    feasible=240/240  improved=19  clusters=2  corners=0/23  evals=96720
  [DE gen= 390 DONE]  Q_best=2.080880e+03 Q_mean=2.083002e+03    feasible=240/240  improved=19  clusters=2  corners=0/23  evals=96960
  [DE gen= 391 DONE]  Q_best=2.080880e+03 Q_mean=2.082938e+03    feasible=240/240  improved=25  clusters=2  corners=0/23  evals=97200
  [DE gen= 392 DONE]  Q_best=2.080880e+03 Q_mean=2.082910e+03    feasible=240/240  improved=12  clusters=2  corners=0/23  evals=97440
  [DE gen= 393 DONE]  Q_best=2.080880e+03 Q_mean=2.082870e+03    feasible=240/240  improved=14  clusters=2  corners=0/23  evals=97680
  [DE gen= 394 DONE]  Q_best=2.080880e+03 Q_mean=2.082836e+03    feasible=240/240  improved=16  clusters=2  corners=0/23  evals=97920
  [DE gen= 395 DONE]  Q_best=2.080880e+03 Q_mean=2.082813e+03    feasible=240/240  improved=12  clusters=2  corners=0/23  evals=98160
  [DE gen= 396 DONE]  Q_best=2.080880e+03 Q_mean=2.082776e+03    feasible=240/240  improved=14  clusters=2  corners=0/23  evals=98400
  [DE gen= 397 DONE]  Q_best=2.080880e+03 Q_mean=2.082748e+03    feasible=240/240  improved=17  clusters=2  corners=0/23  evals=98640
  [DE gen= 398 DONE]  Q_best=2.080880e+03 Q_mean=2.082719e+03    feasible=240/240  improved=10  clusters=2  corners=0/23  evals=98880
  [DE gen= 399 DONE]  Q_best=2.080880e+03 Q_mean=2.082696e+03    feasible=240/240  improved=13  clusters=2  corners=0/23  evals=99120
  [DE gen= 400 DONE]  Q_best=2.080880e+03 Q_mean=2.082673e+03    feasible=240/240  improved=17  clusters=2  corners=0/23  evals=99360
  [DE gen= 401 DONE]  Q_best=2.080880e+03 Q_mean=2.082650e+03    feasible=240/240  improved=14  clusters=2  corners=0/23  evals=99600
  [DE gen= 402 DONE]  Q_best=2.080880e+03 Q_mean=2.082636e+03    feasible=240/240  improved=10  clusters=3  corners=0/23  evals=99840
  [DE gen= 403 DONE]  Q_best=2.080880e+03 Q_mean=2.082624e+03    feasible=240/240  improved=12  clusters=2  corners=0/23  evals=100080
  [DE gen= 404 DONE]  Q_best=2.080880e+03 Q_mean=2.082608e+03    feasible=240/240  improved=11  clusters=2  corners=0/23  evals=100320
  [DE gen= 405 DONE]  Q_best=2.080880e+03 Q_mean=2.082601e+03    feasible=240/240  improved=5  clusters=2  corners=0/23  evals=100560
  [DE pop]  starting population generator: 240 slots, 23 free parameters
  [DE pop]  step 1/2 — ΔQ<1 width per parameter: 12 bisections × 2 directions × 23 params = 552 solves
  [DE pop]  widths done in 423s: 23/23 parameters admit a step, median 0.00425, range 0.00039–0.03
  [DE pop]  step 2/2 — 60 candidates at each sparsity k = 1:23;  Q_seed=2.080880e+03
  [DE pop]  evaluating 1380 candidates...
  [DE pop]  1380 candidates in 1032s: 806 feasible, 54 better than the seed  (selecting on improvement)
  [DE pop]  WARNING: only 54 improving for 240 slots (0.2x). The weight cannot
  [DE pop]           select at this headroom — raise gen_per_k to ~418 or lower pop_size.
  [DE pop]  top sparsities by allocated slots: k=15→2(38)  k=4→6(36)  k=6→3(35)  k=7→3(34)  k=19→1(33)
  [DE pop]  186 of 240 slots filled from feasible non-improving draws
  [DE pop]  done: f=1.122  cr=0.304 (k*=7 of 23)  best candidate Q=2.080355e+03
  [DE reheat 14]  gen=405  Q 2.080880e+03 -> 2.080355e+03  f=1.122 cr=0.304  k*=15/23  better=54 feas=806 of 1380  (carried 0)
  [DE gen= 406 DONE]  Q_best=2.080355e+03 Q_mean=2.082819e+03    feasible=240/240  improved=45  clusters=2  corners=0/23  evals=101040
  [DE gen= 407 DONE]  Q_best=2.080355e+03 Q_mean=2.082538e+03    feasible=240/240  improved=32  clusters=2  corners=0/23  evals=101280
  [DE gen= 408 DONE]  Q_best=2.080355e+03 Q_mean=2.082359e+03    feasible=240/240  improved=33  clusters=2  corners=0/23  evals=101520
  [DE gen= 409 DONE]  Q_best=2.080355e+03 Q_mean=2.082235e+03    feasible=240/240  improved=28  clusters=2  corners=0/23  evals=101760
  [DE gen= 410 DONE]  Q_best=2.080355e+03 Q_mean=2.082048e+03    feasible=240/240  improved=25  clusters=2  corners=0/23  evals=102000
  [DE gen= 411 DONE]  Q_best=2.080254e+03 Q_mean=2.081935e+03    feasible=240/240  improved=28  clusters=2  corners=0/23  evals=102240
  [DE gen= 412 DONE]  Q_best=2.080254e+03 Q_mean=2.081891e+03    feasible=240/240  improved=20  clusters=2  corners=0/23  evals=102480
  [DE gen= 413 DONE]  Q_best=2.080204e+03 Q_mean=2.081811e+03    feasible=240/240  improved=26  clusters=2  corners=0/23  evals=102720
  [DE gen= 414 DONE]  Q_best=2.080204e+03 Q_mean=2.081762e+03    feasible=240/240  improved=13  clusters=2  corners=0/23  evals=102960
  [DE gen= 415 DONE]  Q_best=2.080204e+03 Q_mean=2.081691e+03    feasible=240/240  improved=23  clusters=2  corners=0/23  evals=103200
  [DE gen= 416 DONE]  Q_best=2.080204e+03 Q_mean=2.081647e+03    feasible=240/240  improved=13  clusters=2  corners=0/23  evals=103440
  [DE gen= 417 DONE]  Q_best=2.080204e+03 Q_mean=2.081582e+03    feasible=240/240  improved=19  clusters=2  corners=0/23  evals=103680
  [DE gen= 418 DONE]  Q_best=2.080204e+03 Q_mean=2.081544e+03    feasible=240/240  improved=20  clusters=2  corners=0/23  evals=103920
  [DE gen= 419 DONE]  Q_best=2.080204e+03 Q_mean=2.081499e+03    feasible=240/240  improved=25  clusters=2  corners=0/23  evals=104160
  [DE gen= 420 DONE]  Q_best=2.080204e+03 Q_mean=2.081467e+03    feasible=240/240  improved=18  clusters=2  corners=0/23  evals=104400
  [DE gen= 421 DONE]  Q_best=2.080204e+03 Q_mean=2.081442e+03    feasible=240/240  improved=17  clusters=2  corners=0/23  evals=104640
  [DE gen= 422 DONE]  Q_best=2.080204e+03 Q_mean=2.081414e+03    feasible=240/240  improved=15  clusters=2  corners=0/23  evals=104880
  [DE gen= 423 DONE]  Q_best=2.080204e+03 Q_mean=2.081389e+03    feasible=240/240  improved=10  clusters=2  corners=0/23  evals=105120
  [DE gen= 424 DONE]  Q_best=2.080071e+03 Q_mean=2.081343e+03    feasible=240/240  improved=21  clusters=2  corners=0/23  evals=105360
  [DE gen= 425 DONE]  Q_best=2.079778e+03 Q_mean=2.081300e+03    feasible=240/240  improved=18  clusters=2  corners=0/23  evals=105600
  [DE gen= 426 DONE]  Q_best=2.079778e+03 Q_mean=2.081274e+03    feasible=240/240  improved=12  clusters=2  corners=0/23  evals=105840
  [DE gen= 427 DONE]  Q_best=2.079778e+03 Q_mean=2.081254e+03    feasible=240/240  improved=14  clusters=2  corners=0/23  evals=106080
  [DE gen= 428 DONE]  Q_best=2.079765e+03 Q_mean=2.081236e+03    feasible=240/240  improved=14  clusters=2  corners=0/23  evals=106320
  [DE gen= 429 DONE]  Q_best=2.079765e+03 Q_mean=2.081221e+03    feasible=240/240  improved=12  clusters=2  corners=0/23  evals=106560
  [DE gen= 430 DONE]  Q_best=2.079765e+03 Q_mean=2.081211e+03    feasible=240/240  improved=10  clusters=2  corners=0/23  evals=106800
  [DE gen= 431 DONE]  Q_best=2.079765e+03 Q_mean=2.081196e+03    feasible=240/240  improved=8  clusters=2  corners=0/23  evals=107040
  [DE gen= 432 DONE]  Q_best=2.079765e+03 Q_mean=2.081169e+03    feasible=240/240  improved=19  clusters=2  corners=0/23  evals=107280
  [DE gen= 433 DONE]  Q_best=2.079765e+03 Q_mean=2.081154e+03    feasible=240/240  improved=10  clusters=2  corners=0/23  evals=107520
  [DE gen= 434 DONE]  Q_best=2.079765e+03 Q_mean=2.081128e+03    feasible=240/240  improved=16  clusters=2  corners=0/23  evals=107760
  [DE gen= 435 DONE]  Q_best=2.079765e+03 Q_mean=2.081100e+03    feasible=240/240  improved=13  clusters=2  corners=0/23  evals=108000
  [DE gen= 436 DONE]  Q_best=2.079765e+03 Q_mean=2.081080e+03    feasible=240/240  improved=10  clusters=2  corners=0/23  evals=108240
  [DE gen= 437 DONE]  Q_best=2.079323e+03 Q_mean=2.081068e+03    feasible=240/240  improved=9  clusters=2  corners=0/23  evals=108480
  [DE gen= 438 DONE]  Q_best=2.079323e+03 Q_mean=2.081047e+03    feasible=240/240  improved=15  clusters=2  corners=0/23  evals=108720
  [DE gen= 439 DONE]  Q_best=2.079323e+03 Q_mean=2.081029e+03    feasible=240/240  improved=12  clusters=2  corners=0/23  evals=108960
  [DE gen= 440 DONE]  Q_best=2.079323e+03 Q_mean=2.081024e+03    feasible=240/240  improved=4  clusters=2  corners=0/23  evals=109200
  [DE gen= 441 DONE]  Q_best=2.079323e+03 Q_mean=2.081010e+03    feasible=240/240  improved=10  clusters=2  corners=0/23  evals=109440
  [DE gen= 442 DONE]  Q_best=2.079323e+03 Q_mean=2.080987e+03    feasible=240/240  improved=7  clusters=2  corners=0/23  evals=109680
  [DE gen= 443 DONE]  Q_best=2.079323e+03 Q_mean=2.080977e+03    feasible=240/240  improved=8  clusters=2  corners=0/23  evals=109920
  [DE pop]  starting population generator: 240 slots, 23 free parameters
  [DE pop]  step 1/2 — ΔQ<1 width per parameter: 12 bisections × 2 directions × 23 params = 552 solves
  [DE pop]  widths done in 414s: 23/23 parameters admit a step, median 0.00439, range 0.00029–0.045
  [DE pop]  step 2/2 — 60 candidates at each sparsity k = 1:23;  Q_seed=2.079323e+03
  [DE pop]  evaluating 1380 candidates...
  [DE pop]  1380 candidates in 978s: 869 feasible, 126 better than the seed  (selecting on improvement)
  [DE pop]  WARNING: only 126 improving for 240 slots (0.5x). The weight cannot
  [DE pop]           select at this headroom — raise gen_per_k to ~229 or lower pop_size.
  [DE pop]  top sparsities by allocated slots: k=5→13(44)  k=7→12(39)  k=8→7(36)  k=6→6(33)  k=1→28
  [DE pop]  114 of 240 slots filled from feasible non-improving draws
  [DE pop]  done: f=1.500 (clamped from 1.545)  cr=0.261 (k*=6 of 23)  best candidate Q=2.078643e+03
  [DE reheat 15]  gen=443  Q 2.079323e+03 -> 2.078643e+03  f=1.500 cr=0.261  k*=5/23  better=126 feas=869 of 1380  (carried 0)
  [DE gen= 444 DONE]  Q_best=2.078643e+03 Q_mean=2.080219e+03    feasible=240/240  improved=40  clusters=2  corners=0/23  evals=110400
  [DE gen= 445 DONE]  Q_best=2.078643e+03 Q_mean=2.079923e+03    feasible=240/240  improved=42  clusters=2  corners=0/23  evals=110640
  [DE gen= 446 DONE]  Q_best=2.078643e+03 Q_mean=2.079833e+03    feasible=240/240  improved=40  clusters=2  corners=0/23  evals=110880
  [DE gen= 447 DONE]  Q_best=2.078643e+03 Q_mean=2.079651e+03    feasible=240/240  improved=45  clusters=2  corners=0/23  evals=111120
  [DE gen= 448 DONE]  Q_best=2.078538e+03 Q_mean=2.079588e+03    feasible=240/240  improved=33  clusters=2  corners=0/23  evals=111360
  [DE gen= 449 DONE]  Q_best=2.078538e+03 Q_mean=2.079476e+03    feasible=240/240  improved=34  clusters=2  corners=0/23  evals=111600
  [DE gen= 450 DONE]  Q_best=2.078538e+03 Q_mean=2.079409e+03    feasible=240/240  improved=38  clusters=1  corners=0/23  evals=111840
  [DE gen= 451 DONE]  Q_best=2.078071e+03 Q_mean=2.079362e+03    feasible=240/240  improved=23  clusters=2  corners=0/23  evals=112080
  [DE gen= 452 DONE]  Q_best=2.078071e+03 Q_mean=2.079335e+03    feasible=240/240  improved=26  clusters=2  corners=0/23  evals=112320
  [DE gen= 453 DONE]  Q_best=2.078071e+03 Q_mean=2.079297e+03    feasible=240/240  improved=31  clusters=2  corners=0/23  evals=112560
  [DE gen= 454 DONE]  Q_best=2.078071e+03 Q_mean=2.079270e+03    feasible=240/240  improved=21  clusters=2  corners=0/23  evals=112800
  [DE gen= 455 DONE]  Q_best=2.078071e+03 Q_mean=2.079237e+03    feasible=240/240  improved=25  clusters=2  corners=0/23  evals=113040
  [DE gen= 456 DONE]  Q_best=2.078071e+03 Q_mean=2.079218e+03    feasible=240/240  improved=14  clusters=2  corners=0/23  evals=113280
  [DE gen= 457 DONE]  Q_best=2.078071e+03 Q_mean=2.079200e+03    feasible=240/240  improved=23  clusters=2  corners=0/23  evals=113520
  [DE gen= 458 DONE]  Q_best=2.078071e+03 Q_mean=2.079170e+03    feasible=240/240  improved=23  clusters=2  corners=0/23  evals=113760
  [DE gen= 459 DONE]  Q_best=2.078071e+03 Q_mean=2.079161e+03    feasible=240/240  improved=12  clusters=2  corners=0/23  evals=114000
  [DE gen= 460 DONE]  Q_best=2.078071e+03 Q_mean=2.079147e+03    feasible=240/240  improved=13  clusters=2  corners=0/23  evals=114240
  [DE gen= 461 DONE]  Q_best=2.078071e+03 Q_mean=2.079125e+03    feasible=240/240  improved=18  clusters=2  corners=0/23  evals=114480
  [DE gen= 462 DONE]  Q_best=2.078071e+03 Q_mean=2.079096e+03    feasible=240/240  improved=16  clusters=2  corners=0/23  evals=114720
  [DE gen= 463 DONE]  Q_best=2.078065e+03 Q_mean=2.079080e+03    feasible=240/240  improved=18  clusters=2  corners=0/23  evals=114960
  [DE gen= 464 DONE]  Q_best=2.078065e+03 Q_mean=2.079066e+03    feasible=240/240  improved=10  clusters=2  corners=0/23  evals=115200
  [DE gen= 465 DONE]  Q_best=2.078065e+03 Q_mean=2.079049e+03    feasible=240/240  improved=13  clusters=2  corners=0/23  evals=115440
  [DE gen= 466 DONE]  Q_best=2.078065e+03 Q_mean=2.079047e+03    feasible=240/240  improved=5  clusters=2  corners=0/23  evals=115680
  [DE gen= 467 DONE]  Q_best=2.078065e+03 Q_mean=2.079033e+03    feasible=240/240  improved=12  clusters=2  corners=0/23  evals=115920
  [DE gen= 468 DONE]  Q_best=2.078065e+03 Q_mean=2.079019e+03    feasible=240/240  improved=9  clusters=2  corners=0/23  evals=116160
  [DE gen= 469 DONE]  Q_best=2.078065e+03 Q_mean=2.079014e+03    feasible=240/240  improved=5  clusters=2  corners=0/23  evals=116400
  [DE pop]  starting population generator: 240 slots, 23 free parameters
  [DE pop]  step 1/2 — ΔQ<1 width per parameter: 12 bisections × 2 directions × 23 params = 552 solves
  [DE pop]  widths done in 685s: 23/23 parameters admit a step, median 0.00254, range 4.9e-05–0.02  (1 kept previous scale)
  [DE pop]  step 2/2 — 60 candidates at each sparsity k = 1:23;  Q_seed=2.078065e+03
  [DE pop]  evaluating 1380 candidates...
  [DE pop]  1380 candidates in 1740s: 757 feasible, 93 better than the seed  (selecting on improvement)
  [DE pop]  WARNING: only 93 improving for 240 slots (0.4x). The weight cannot
  [DE pop]           select at this headroom — raise gen_per_k to ~310 or lower pop_size.
  [DE pop]  top sparsities by allocated slots: k=16→1(35)  k=13→2(33)  k=6→6(32)  k=14→3(29)  k=9→2(28)
  [DE pop]  147 of 240 slots filled from feasible non-improving draws
  [DE pop]  done: f=1.144  cr=0.304 (k*=7 of 23)  best candidate Q=2.077651e+03
  [DE reheat 16]  gen=469  Q 2.078065e+03 -> 2.077651e+03  f=1.144 cr=0.304  k*=16/23  better=93 feas=757 of 1380  (carried 0)
  [DE gen= 470 DONE]  Q_best=2.077637e+03 Q_mean=2.079816e+03    feasible=240/240  improved=45  clusters=2  corners=0/23  evals=116880
  [DE gen= 471 DONE]  Q_best=2.077637e+03 Q_mean=2.079498e+03    feasible=240/240  improved=41  clusters=2  corners=0/23  evals=117120
  [DE gen= 472 DONE]  Q_best=2.077637e+03 Q_mean=2.079258e+03    feasible=240/240  improved=44  clusters=2  corners=0/23  evals=117360
  [DE gen= 473 DONE]  Q_best=2.077637e+03 Q_mean=2.079158e+03    feasible=240/240  improved=30  clusters=2  corners=0/23  evals=117600
  [DE gen= 474 DONE]  Q_best=2.077637e+03 Q_mean=2.079010e+03    feasible=240/240  improved=30  clusters=2  corners=0/23  evals=117840
  [DE gen= 475 DONE]  Q_best=2.077481e+03 Q_mean=2.078908e+03    feasible=240/240  improved=29  clusters=2  corners=0/23  evals=118080
  [DE gen= 476 DONE]  Q_best=2.077477e+03 Q_mean=2.078809e+03    feasible=240/240  improved=27  clusters=2  corners=0/23  evals=118320
  [DE gen= 477 DONE]  Q_best=2.077477e+03 Q_mean=2.078755e+03    feasible=240/240  improved=32  clusters=2  corners=0/23  evals=118560
  [DE gen= 478 DONE]  Q_best=2.077477e+03 Q_mean=2.078709e+03    feasible=240/240  improved=30  clusters=2  corners=0/23  evals=118800
  [DE gen= 479 DONE]  Q_best=2.077477e+03 Q_mean=2.078684e+03    feasible=240/240  improved=21  clusters=2  corners=0/23  evals=119040
  [DE gen= 480 DONE]  Q_best=2.076868e+03 Q_mean=2.078640e+03    feasible=240/240  improved=17  clusters=2  corners=0/23  evals=119280
  [DE gen= 481 DONE]  Q_best=2.076868e+03 Q_mean=2.078586e+03    feasible=240/240  improved=25  clusters=2  corners=0/23  evals=119520
  [DE gen= 482 DONE]  Q_best=2.076868e+03 Q_mean=2.078545e+03    feasible=240/240  improved=22  clusters=2  corners=0/23  evals=119760
  [DE gen= 483 DONE]  Q_best=2.076868e+03 Q_mean=2.078501e+03    feasible=240/240  improved=22  clusters=2  corners=0/23  evals=120000
  [DE gen= 484 DONE]  Q_best=2.076868e+03 Q_mean=2.078467e+03    feasible=240/240  improved=19  clusters=2  corners=0/23  evals=120240
  [DE gen= 485 DONE]  Q_best=2.076868e+03 Q_mean=2.078423e+03    feasible=240/240  improved=18  clusters=2  corners=0/23  evals=120480
  [DE gen= 486 DONE]  Q_best=2.076868e+03 Q_mean=2.078379e+03    feasible=240/240  improved=23  clusters=3  corners=0/23  evals=120720
  [DE gen= 487 DONE]  Q_best=2.076868e+03 Q_mean=2.078313e+03    feasible=240/240  improved=21  clusters=2  corners=0/23  evals=120960
  [DE gen= 488 DONE]  Q_best=2.076868e+03 Q_mean=2.078286e+03    feasible=240/240  improved=20  clusters=2  corners=0/23  evals=121200
  [DE gen= 489 DONE]  Q_best=2.076868e+03 Q_mean=2.078237e+03    feasible=240/240  improved=24  clusters=2  corners=0/23  evals=121440
  [DE gen= 490 DONE]  Q_best=2.076868e+03 Q_mean=2.078209e+03    feasible=240/240  improved=21  clusters=3  corners=0/23  evals=121680
  [DE gen= 491 DONE]  Q_best=2.076868e+03 Q_mean=2.078198e+03    feasible=240/240  improved=14  clusters=2  corners=0/23  evals=121920
  [DE gen= 492 DONE]  Q_best=2.076868e+03 Q_mean=2.078157e+03    feasible=240/240  improved=21  clusters=2  corners=0/23  evals=122160
  [DE gen= 493 DONE]  Q_best=2.076868e+03 Q_mean=2.078133e+03    feasible=240/240  improved=17  clusters=2  corners=0/23  evals=122400
  [DE gen= 494 DONE]  Q_best=2.076868e+03 Q_mean=2.078115e+03    feasible=240/240  improved=22  clusters=1  corners=0/23  evals=122640
  [DE gen= 495 DONE]  Q_best=2.076868e+03 Q_mean=2.078095e+03    feasible=240/240  improved=16  clusters=2  corners=0/23  evals=122880
  [DE gen= 496 DONE]  Q_best=2.076862e+03 Q_mean=2.078082e+03    feasible=240/240  improved=20  clusters=3  corners=0/23  evals=123120
  [DE gen= 497 DONE]  Q_best=2.076857e+03 Q_mean=2.078055e+03    feasible=240/240  improved=20  clusters=3  corners=0/23  evals=123360
  [DE gen= 498 DONE]  Q_best=2.076857e+03 Q_mean=2.078027e+03    feasible=240/240  improved=18  clusters=2  corners=0/23  evals=123600
  [DE gen= 499 DONE]  Q_best=2.076857e+03 Q_mean=2.078007e+03    feasible=240/240  improved=13  clusters=2  corners=0/23  evals=123840
  [DE gen= 500 DONE]  Q_best=2.076857e+03 Q_mean=2.077987e+03    feasible=240/240  improved=9  clusters=1  corners=0/23  evals=124080
  [DE gen= 501 DONE]  Q_best=2.076857e+03 Q_mean=2.077976e+03    feasible=240/240  improved=11  clusters=2  corners=0/23  evals=124320
  [DE gen= 502 DONE]  Q_best=2.076789e+03 Q_mean=2.077957e+03    feasible=240/240  improved=19  clusters=2  corners=0/23  evals=124560
  [DE gen= 503 DONE]  Q_best=2.076789e+03 Q_mean=2.077946e+03    feasible=240/240  improved=13  clusters=2  corners=0/23  evals=124800
  [DE gen= 504 DONE]  Q_best=2.076789e+03 Q_mean=2.077921e+03    feasible=240/240  improved=14  clusters=2  corners=0/23  evals=125040
  [DE gen= 505 DONE]  Q_best=2.076789e+03 Q_mean=2.077902e+03    feasible=240/240  improved=16  clusters=2  corners=0/23  evals=125280
  [DE gen= 506 DONE]  Q_best=2.076789e+03 Q_mean=2.077898e+03    feasible=240/240  improved=8  clusters=2  corners=0/23  evals=125520
  [DE gen= 507 DONE]  Q_best=2.076789e+03 Q_mean=2.077885e+03    feasible=240/240  improved=12  clusters=2  corners=0/23  evals=125760
  [DE gen= 508 DONE]  Q_best=2.076789e+03 Q_mean=2.077877e+03    feasible=240/240  improved=13  clusters=2  corners=0/23  evals=126000
  [DE gen= 509 DONE]  Q_best=2.076763e+03 Q_mean=2.077869e+03    feasible=240/240  improved=9  clusters=1  corners=0/23  evals=126240
  [DE gen= 510 DONE]  Q_best=2.076665e+03 Q_mean=2.077854e+03    feasible=240/240  improved=10  clusters=1  corners=0/23  evals=126480
  [DE gen= 511 DONE]  Q_best=2.076665e+03 Q_mean=2.077845e+03    feasible=240/240  improved=8  clusters=3  corners=0/23  evals=126720
  [DE gen= 512 DONE]  Q_best=2.076665e+03 Q_mean=2.077831e+03    feasible=240/240  improved=9  clusters=1  corners=0/23  evals=126960
  [DE gen= 513 DONE]  Q_best=2.076665e+03 Q_mean=2.077815e+03    feasible=240/240  improved=11  clusters=1  corners=0/23  evals=127200
  [DE gen= 514 DONE]  Q_best=2.076665e+03 Q_mean=2.077797e+03    feasible=240/240  improved=18  clusters=2  corners=0/23  evals=127440
  [DE gen= 515 DONE]  Q_best=2.076665e+03 Q_mean=2.077788e+03    feasible=240/240  improved=6  clusters=2  corners=0/23  evals=127680
  [DE gen= 516 DONE]  Q_best=2.076555e+03 Q_mean=2.077768e+03    feasible=240/240  improved=12  clusters=2  corners=0/23  evals=127920
  [DE gen= 517 DONE]  Q_best=2.076555e+03 Q_mean=2.077762e+03    feasible=240/240  improved=4  clusters=2  corners=0/23  evals=128160
  [DE gen= 518 DONE]  Q_best=2.076555e+03 Q_mean=2.077748e+03    feasible=240/240  improved=7  clusters=3  corners=0/23  evals=128400
  [DE gen= 519 DONE]  Q_best=2.076555e+03 Q_mean=2.077733e+03    feasible=240/240  improved=16  clusters=2  corners=0/23  evals=128640
  [DE gen= 520 DONE]  Q_best=2.076469e+03 Q_mean=2.077729e+03    feasible=240/240  improved=4  clusters=2  corners=0/23  evals=128880
  [DE gen= 521 DONE]  Q_best=2.076469e+03 Q_mean=2.077715e+03    feasible=240/240  improved=11  clusters=2  corners=0/23  evals=129120
  [DE gen= 522 DONE]  Q_best=2.076319e+03 Q_mean=2.077700e+03    feasible=240/240  improved=12  clusters=2  corners=0/23  evals=129360
  [DE gen= 523 DONE]  Q_best=2.075587e+03 Q_mean=2.077683e+03    feasible=240/240  improved=12  clusters=2  corners=0/23  evals=129600
  [DE gen= 524 DONE]  Q_best=2.075587e+03 Q_mean=2.077678e+03    feasible=240/240  improved=9  clusters=2  corners=0/23  evals=129840
  [DE gen= 525 DONE]  Q_best=2.075587e+03 Q_mean=2.077667e+03    feasible=240/240  improved=11  clusters=2  corners=0/23  evals=130080
  [DE gen= 526 DONE]  Q_best=2.075587e+03 Q_mean=2.077664e+03    feasible=240/240  improved=6  clusters=2  corners=0/23  evals=130320
  [DE gen= 527 DONE]  Q_best=2.075587e+03 Q_mean=2.077659e+03    feasible=240/240  improved=7  clusters=2  corners=0/23  evals=130560
  [DE gen= 528 DONE]  Q_best=2.075587e+03 Q_mean=2.077652e+03    feasible=240/240  improved=8  clusters=2  corners=0/23  evals=130800
  [DE gen= 529 DONE]  Q_best=2.075587e+03 Q_mean=2.077645e+03    feasible=240/240  improved=9  clusters=2  corners=0/23  evals=131040
  [DE pop]  starting population generator: 240 slots, 23 free parameters
  [DE pop]  step 1/2 — ΔQ<1 width per parameter: 12 bisections × 2 directions × 23 params = 552 solves
  [DE pop]  widths done in 448s: 23/23 parameters admit a step, median 0.0041, range 0.00034–0.033
  [DE pop]  step 2/2 — 60 candidates at each sparsity k = 1:23;  Q_seed=2.075587e+03
  [DE pop]  evaluating 1380 candidates...
  [DE pop]  1380 candidates in 1059s: 823 feasible, 113 better than the seed  (selecting on improvement)
  [DE pop]  WARNING: only 113 improving for 240 slots (0.5x). The weight cannot
  [DE pop]           select at this headroom — raise gen_per_k to ~255 or lower pop_size.
  [DE pop]  top sparsities by allocated slots: k=9→6(42)  k=4→17(40)  k=5→10(35)  k=10→6(34)  k=2→21
  [DE pop]  127 of 240 slots filled from feasible non-improving draws
  [DE pop]  done: f=1.410  cr=0.304 (k*=7 of 23)  best candidate Q=2.074553e+03
  [DE reheat 17]  gen=529  Q 2.075587e+03 -> 2.074553e+03  f=1.410 cr=0.304  k*=9/23  better=113 feas=823 of 1380  (carried 0)
  [DE gen= 530 DONE]  Q_best=2.074553e+03 Q_mean=2.075999e+03    feasible=240/240  improved=33  clusters=2  corners=0/23  evals=131520
  [DE gen= 531 DONE]  Q_best=2.074553e+03 Q_mean=2.075912e+03    feasible=240/240  improved=44  clusters=2  corners=0/23  evals=131760
  [DE gen= 532 DONE]  Q_best=2.074553e+03 Q_mean=2.075843e+03    feasible=240/240  improved=36  clusters=2  corners=0/23  evals=132000
  [DE gen= 533 DONE]  Q_best=2.074508e+03 Q_mean=2.075779e+03    feasible=240/240  improved=26  clusters=2  corners=0/23  evals=132240
  [DE gen= 534 DONE]  Q_best=2.074508e+03 Q_mean=2.075705e+03    feasible=240/240  improved=29  clusters=2  corners=0/23  evals=132480
  [DE gen= 535 DONE]  Q_best=2.074508e+03 Q_mean=2.075657e+03    feasible=240/240  improved=20  clusters=2  corners=0/23  evals=132720
  [DE gen= 536 DONE]  Q_best=2.074508e+03 Q_mean=2.075607e+03    feasible=240/240  improved=31  clusters=2  corners=0/23  evals=132960
  [DE gen= 537 DONE]  Q_best=2.074508e+03 Q_mean=2.075584e+03    feasible=240/240  improved=21  clusters=2  corners=0/23  evals=133200
  [DE gen= 538 DONE]  Q_best=2.074508e+03 Q_mean=2.075559e+03    feasible=240/240  improved=19  clusters=2  corners=0/23  evals=133440
  [DE gen= 539 DONE]  Q_best=2.074432e+03 Q_mean=2.075526e+03    feasible=240/240  improved=20  clusters=2  corners=0/23  evals=133680
  [DE gen= 540 DONE]  Q_best=2.074390e+03 Q_mean=2.075501e+03    feasible=240/240  improved=16  clusters=2  corners=0/23  evals=133920
  [DE gen= 541 DONE]  Q_best=2.074390e+03 Q_mean=2.075468e+03    feasible=240/240  improved=24  clusters=2  corners=0/23  evals=134160
  [DE gen= 542 DONE]  Q_best=2.074292e+03 Q_mean=2.075444e+03    feasible=240/240  improved=17  clusters=2  corners=0/23  evals=134400
  [DE gen= 543 DONE]  Q_best=2.074292e+03 Q_mean=2.075408e+03    feasible=240/240  improved=24  clusters=2  corners=0/23  evals=134640
  [DE gen= 544 DONE]  Q_best=2.073713e+03 Q_mean=2.075390e+03    feasible=240/240  improved=19  clusters=2  corners=0/23  evals=134880
  [DE gen= 545 DONE]  Q_best=2.073713e+03 Q_mean=2.075354e+03    feasible=240/240  improved=22  clusters=2  corners=0/23  evals=135120
  [DE gen= 546 DONE]  Q_best=2.073713e+03 Q_mean=2.075337e+03    feasible=240/240  improved=14  clusters=2  corners=0/23  evals=135360
  [DE gen= 547 DONE]  Q_best=2.073713e+03 Q_mean=2.075312e+03    feasible=240/240  improved=18  clusters=2  corners=0/23  evals=135600
  [DE gen= 548 DONE]  Q_best=2.073713e+03 Q_mean=2.075294e+03    feasible=240/240  improved=16  clusters=4  corners=0/23  evals=135840
  [DE gen= 549 DONE]  Q_best=2.073713e+03 Q_mean=2.075281e+03    feasible=240/240  improved=11  clusters=2  corners=0/23  evals=136080
  [DE gen= 550 DONE]  Q_best=2.073713e+03 Q_mean=2.075271e+03    feasible=240/240  improved=9  clusters=2  corners=0/23  evals=136320
  [DE pop]  starting population generator: 240 slots, 23 free parameters
  [DE pop]  step 1/2 — ΔQ<1 width per parameter: 12 bisections × 2 directions × 23 params = 552 solves
  [DE pop]  widths done in 472s: 23/23 parameters admit a step, median 0.00405, range 0.00029–0.046
  [DE pop]  step 2/2 — 60 candidates at each sparsity k = 1:23;  Q_seed=2.073713e+03
  [DE pop]  evaluating 1380 candidates...
  [DE pop]  1380 candidates in 1131s: 826 feasible, 69 better than the seed  (selecting on improvement)
  [DE pop]  WARNING: only 69 improving for 240 slots (0.3x). The weight cannot
  [DE pop]           select at this headroom — raise gen_per_k to ~418 or lower pop_size.
  [DE pop]  top sparsities by allocated slots: k=2→12(47)  k=3→10(39)  k=12→2(38)  k=4→10(37)  k=17→2(32)
  [DE pop]  171 of 240 slots filled from feasible non-improving draws
  [DE pop]  done: f=1.425  cr=0.217 (k*=5 of 23)  best candidate Q=2.073352e+03
  [DE reheat 18]  gen=550  Q 2.073713e+03 -> 2.073352e+03  f=1.425 cr=0.217  k*=2/23  better=69 feas=826 of 1380  (carried 0)
  [DE gen= 551 DONE]  Q_best=2.073352e+03 Q_mean=2.074626e+03    feasible=240/240  improved=45  clusters=2  corners=0/23  evals=136800
  [DE gen= 552 DONE]  Q_best=2.073352e+03 Q_mean=2.074437e+03    feasible=240/240  improved=40  clusters=2  corners=0/23  evals=137040
  [DE gen= 553 DONE]  Q_best=2.073223e+03 Q_mean=2.074356e+03    feasible=240/240  improved=40  clusters=2  corners=0/23  evals=137280
  [DE gen= 554 DONE]  Q_best=2.072734e+03 Q_mean=2.074260e+03    feasible=240/240  improved=41  clusters=1  corners=0/23  evals=137520
  [DE gen= 555 DONE]  Q_best=2.072734e+03 Q_mean=2.074210e+03    feasible=240/240  improved=41  clusters=2  corners=0/23  evals=137760
  [DE gen= 556 DONE]  Q_best=2.072734e+03 Q_mean=2.074137e+03    feasible=240/240  improved=28  clusters=2  corners=0/23  evals=138000
  [DE gen= 557 DONE]  Q_best=2.072734e+03 Q_mean=2.074068e+03    feasible=240/240  improved=32  clusters=2  corners=0/23  evals=138240
  [DE gen= 558 DONE]  Q_best=2.072734e+03 Q_mean=2.074053e+03    feasible=240/240  improved=25  clusters=2  corners=0/23  evals=138480
  [DE gen= 559 DONE]  Q_best=2.072734e+03 Q_mean=2.074021e+03    feasible=240/240  improved=31  clusters=2  corners=0/23  evals=138720
  [DE gen= 560 DONE]  Q_best=2.072734e+03 Q_mean=2.074000e+03    feasible=240/240  improved=25  clusters=2  corners=0/23  evals=138960
  [DE gen= 561 DONE]  Q_best=2.072734e+03 Q_mean=2.073979e+03    feasible=240/240  improved=26  clusters=2  corners=0/23  evals=139200
  [DE gen= 562 DONE]  Q_best=2.072734e+03 Q_mean=2.073955e+03    feasible=240/240  improved=20  clusters=2  corners=0/23  evals=139440
  [DE gen= 563 DONE]  Q_best=2.072734e+03 Q_mean=2.073927e+03    feasible=240/240  improved=20  clusters=2  corners=0/23  evals=139680
  [DE gen= 564 DONE]  Q_best=2.072734e+03 Q_mean=2.073908e+03    feasible=240/240  improved=27  clusters=2  corners=0/23  evals=139920
  [DE gen= 565 DONE]  Q_best=2.072734e+03 Q_mean=2.073881e+03    feasible=240/240  improved=14  clusters=2  corners=0/23  evals=140160
  [DE gen= 566 DONE]  Q_best=2.072734e+03 Q_mean=2.073854e+03    feasible=240/240  improved=19  clusters=2  corners=0/23  evals=140400
  [DE gen= 567 DONE]  Q_best=2.072734e+03 Q_mean=2.073825e+03    feasible=240/240  improved=15  clusters=2  corners=0/23  evals=140640
  [DE gen= 568 DONE]  Q_best=2.072734e+03 Q_mean=2.073798e+03    feasible=240/240  improved=19  clusters=2  corners=0/23  evals=140880
  [DE gen= 569 DONE]  Q_best=2.072734e+03 Q_mean=2.073785e+03    feasible=240/240  improved=14  clusters=2  corners=0/23  evals=141120
  [DE gen= 570 DONE]  Q_best=2.072734e+03 Q_mean=2.073768e+03    feasible=240/240  improved=25  clusters=2  corners=0/23  evals=141360
  [DE gen= 571 DONE]  Q_best=2.072658e+03 Q_mean=2.073759e+03    feasible=240/240  improved=14  clusters=2  corners=0/23  evals=141600
  [DE gen= 572 DONE]  Q_best=2.072658e+03 Q_mean=2.073744e+03    feasible=240/240  improved=22  clusters=2  corners=0/23  evals=141840
  [DE gen= 573 DONE]  Q_best=2.072658e+03 Q_mean=2.073741e+03    feasible=240/240  improved=8  clusters=2  corners=0/23  evals=142080
  [DE gen= 574 DONE]  Q_best=2.072658e+03 Q_mean=2.073732e+03    feasible=240/240  improved=17  clusters=2  corners=0/23  evals=142320
  [DE gen= 575 DONE]  Q_best=2.072658e+03 Q_mean=2.073724e+03    feasible=240/240  improved=11  clusters=2  corners=0/23  evals=142560
  [DE gen= 576 DONE]  Q_best=2.072658e+03 Q_mean=2.073715e+03    feasible=240/240  improved=15  clusters=2  corners=0/23  evals=142800
  [DE gen= 577 DONE]  Q_best=2.072647e+03 Q_mean=2.073684e+03    feasible=240/240  improved=20  clusters=2  corners=0/23  evals=143040
  [DE gen= 578 DONE]  Q_best=2.072647e+03 Q_mean=2.073679e+03    feasible=240/240  improved=11  clusters=2  corners=0/23  evals=143280
  [DE gen= 579 DONE]  Q_best=2.072647e+03 Q_mean=2.073672e+03    feasible=240/240  improved=15  clusters=2  corners=0/23  evals=143520
  [DE gen= 580 DONE]  Q_best=2.072647e+03 Q_mean=2.073660e+03    feasible=240/240  improved=12  clusters=2  corners=0/23  evals=143760
  [DE gen= 581 DONE]  Q_best=2.072647e+03 Q_mean=2.073648e+03    feasible=240/240  improved=13  clusters=2  corners=0/23  evals=144000
  [DE gen= 582 DONE]  Q_best=2.072647e+03 Q_mean=2.073629e+03    feasible=240/240  improved=19  clusters=2  corners=0/23  evals=144240
  [DE gen= 583 DONE]  Q_best=2.072647e+03 Q_mean=2.073618e+03    feasible=240/240  improved=14  clusters=2  corners=0/23  evals=144480
  [DE gen= 584 DONE]  Q_best=2.072647e+03 Q_mean=2.073607e+03    feasible=240/240  improved=17  clusters=2  corners=0/23  evals=144720
  [DE gen= 585 DONE]  Q_best=2.072647e+03 Q_mean=2.073598e+03    feasible=240/240  improved=12  clusters=2  corners=0/23  evals=144960
  [DE gen= 586 DONE]  Q_best=2.072600e+03 Q_mean=2.073586e+03    feasible=240/240  improved=18  clusters=2  corners=0/23  evals=145200
  [DE gen= 587 DONE]  Q_best=2.072600e+03 Q_mean=2.073583e+03    feasible=240/240  improved=5  clusters=2  corners=0/23  evals=145440
  [DE gen= 588 DONE]  Q_best=2.072600e+03 Q_mean=2.073580e+03    feasible=240/240  improved=6  clusters=2  corners=0/23  evals=145680
  [DE gen= 589 DONE]  Q_best=2.072510e+03 Q_mean=2.073573e+03    feasible=240/240  improved=10  clusters=2  corners=0/23  evals=145920
  [DE gen= 590 DONE]  Q_best=2.072510e+03 Q_mean=2.073555e+03    feasible=240/240  improved=17  clusters=2  corners=0/23  evals=146160
  [DE gen= 591 DONE]  Q_best=2.072510e+03 Q_mean=2.073551e+03    feasible=240/240  improved=9  clusters=2  corners=0/23  evals=146400
  [DE gen= 592 DONE]  Q_best=2.072510e+03 Q_mean=2.073538e+03    feasible=240/240  improved=12  clusters=2  corners=0/23  evals=146640
  [DE gen= 593 DONE]  Q_best=2.072360e+03 Q_mean=2.073528e+03    feasible=240/240  improved=8  clusters=2  corners=0/23  evals=146880
  [DE gen= 594 DONE]  Q_best=2.072360e+03 Q_mean=2.073520e+03    feasible=240/240  improved=8  clusters=2  corners=0/23  evals=147120
  [DE gen= 595 DONE]  Q_best=2.072360e+03 Q_mean=2.073518e+03    feasible=240/240  improved=6  clusters=2  corners=0/23  evals=147360
  [DE gen= 596 DONE]  Q_best=2.072360e+03 Q_mean=2.073513e+03    feasible=240/240  improved=8  clusters=2  corners=0/23  evals=147600
  [DE gen= 597 DONE]  Q_best=2.072360e+03 Q_mean=2.073503e+03    feasible=240/240  improved=11  clusters=2  corners=0/23  evals=147840
  [DE gen= 598 DONE]  Q_best=2.072360e+03 Q_mean=2.073496e+03    feasible=240/240  improved=10  clusters=2  corners=0/23  evals=148080
  [DE gen= 599 DONE]  Q_best=2.072360e+03 Q_mean=2.073491e+03    feasible=240/240  improved=9  clusters=2  corners=0/23  evals=148320
  [DE pop]  starting population generator: 240 slots, 23 free parameters
  [DE pop]  step 1/2 — ΔQ<1 width per parameter: 12 bisections × 2 directions × 23 params = 552 solves
  [DE pop]  widths done in 518s: 23/23 parameters admit a step, median 0.0042, range 0.00015–0.036
  [DE pop]  step 2/2 — 60 candidates at each sparsity k = 1:23;  Q_seed=2.072360e+03
  [DE pop]  evaluating 1380 candidates...
  [DE pop]  1380 candidates in 1270s: 816 feasible, 96 better than the seed  (selecting on improvement)
  [DE pop]  WARNING: only 96 improving for 240 slots (0.4x). The weight cannot
  [DE pop]           select at this headroom — raise gen_per_k to ~300 or lower pop_size.
  [DE pop]  top sparsities by allocated slots: k=8→9(36)  k=17→3(36)  k=23→1(31)  k=14→2(29)  k=20→1(28)
  [DE pop]  144 of 240 slots filled from feasible non-improving draws
  [DE pop]  done: f=0.978  cr=0.348 (k*=8 of 23)  best candidate Q=2.071595e+03
  [DE reheat 19]  gen=599  Q 2.072360e+03 -> 2.071595e+03  f=0.978 cr=0.348  k*=8/23  better=96 feas=816 of 1380  (carried 0)
  [DE gen= 600 DONE]  Q_best=2.071595e+03 Q_mean=2.074230e+03    feasible=240/240  improved=40  clusters=2  corners=0/23  evals=148800
  [DE gen= 601 DONE]  Q_best=2.071595e+03 Q_mean=2.073927e+03    feasible=240/240  improved=29  clusters=2  corners=0/23  evals=149040
  [DE gen= 602 DONE]  Q_best=2.071385e+03 Q_mean=2.073669e+03    feasible=240/240  improved=34  clusters=2  corners=0/23  evals=149280
  [DE gen= 603 DONE]  Q_best=2.071385e+03 Q_mean=2.073546e+03    feasible=240/240  improved=25  clusters=2  corners=0/23  evals=149520
  [DE gen= 604 DONE]  Q_best=2.071385e+03 Q_mean=2.073459e+03    feasible=240/240  improved=24  clusters=2  corners=0/23  evals=149760
  [DE gen= 605 DONE]  Q_best=2.071385e+03 Q_mean=2.073324e+03    feasible=240/240  improved=29  clusters=2  corners=0/23  evals=150000
  [DE gen= 606 DONE]  Q_best=2.071385e+03 Q_mean=2.073208e+03    feasible=240/240  improved=21  clusters=1  corners=0/23  evals=150240
  [DE gen= 607 DONE]  Q_best=2.071385e+03 Q_mean=2.073115e+03    feasible=240/240  improved=22  clusters=2  corners=0/23  evals=150480
  [DE gen= 608 DONE]  Q_best=2.071385e+03 Q_mean=2.073069e+03    feasible=240/240  improved=13  clusters=2  corners=0/23  evals=150720
  [DE gen= 609 DONE]  Q_best=2.071385e+03 Q_mean=2.073030e+03    feasible=240/240  improved=17  clusters=2  corners=0/23  evals=150960
  [DE gen= 610 DONE]  Q_best=2.071385e+03 Q_mean=2.073009e+03    feasible=240/240  improved=11  clusters=2  corners=0/23  evals=151200
  [DE gen= 611 DONE]  Q_best=2.071385e+03 Q_mean=2.072985e+03    feasible=240/240  improved=11  clusters=2  corners=0/23  evals=151440
  [DE gen= 612 DONE]  Q_best=2.071385e+03 Q_mean=2.072905e+03    feasible=240/240  improved=22  clusters=2  corners=0/23  evals=151680
  [DE gen= 613 DONE]  Q_best=2.071385e+03 Q_mean=2.072854e+03    feasible=240/240  improved=12  clusters=2  corners=0/23  evals=151920
  [DE gen= 614 DONE]  Q_best=2.071385e+03 Q_mean=2.072807e+03    feasible=240/240  improved=22  clusters=2  corners=0/23  evals=152160
  [DE gen= 615 DONE]  Q_best=2.071346e+03 Q_mean=2.072742e+03    feasible=240/240  improved=22  clusters=2  corners=0/23  evals=152400
  [DE gen= 616 DONE]  Q_best=2.071346e+03 Q_mean=2.072690e+03    feasible=240/240  improved=10  clusters=2  corners=0/23  evals=152640
  [DE gen= 617 DONE]  Q_best=2.071346e+03 Q_mean=2.072658e+03    feasible=240/240  improved=15  clusters=2  corners=0/23  evals=152880
  [DE gen= 618 DONE]  Q_best=2.071271e+03 Q_mean=2.072618e+03    feasible=240/240  improved=20  clusters=2  corners=0/23  evals=153120
  [DE gen= 619 DONE]  Q_best=2.071271e+03 Q_mean=2.072589e+03    feasible=240/240  improved=15  clusters=2  corners=0/23  evals=153360
  [DE gen= 620 DONE]  Q_best=2.071271e+03 Q_mean=2.072567e+03    feasible=240/240  improved=16  clusters=2  corners=0/23  evals=153600
  [DE gen= 621 DONE]  Q_best=2.071271e+03 Q_mean=2.072535e+03    feasible=240/240  improved=10  clusters=2  corners=0/23  evals=153840
  [DE gen= 622 DONE]  Q_best=2.071271e+03 Q_mean=2.072505e+03    feasible=240/240  improved=16  clusters=2  corners=0/23  evals=154080
  [DE gen= 623 DONE]  Q_best=2.071271e+03 Q_mean=2.072486e+03    feasible=240/240  improved=15  clusters=2  corners=0/23  evals=154320
  [DE gen= 624 DONE]  Q_best=2.071271e+03 Q_mean=2.072476e+03    feasible=240/240  improved=10  clusters=2  corners=0/23  evals=154560
  [DE gen= 625 DONE]  Q_best=2.071271e+03 Q_mean=2.072461e+03    feasible=240/240  improved=8  clusters=2  corners=0/23  evals=154800
  [DE pop]  starting population generator: 240 slots, 23 free parameters
  [DE pop]  step 1/2 — ΔQ<1 width per parameter: 12 bisections × 2 directions × 23 params = 552 solves
  [DE pop]  widths done in 713s: 23/23 parameters admit a step, median 0.0022, range 4.9e-05–0.014  (1 kept previous scale)
  [DE pop]  step 2/2 — 60 candidates at each sparsity k = 1:23;  Q_seed=2.071271e+03
  [DE pop]  evaluating 1380 candidates...
  [DE pop]  1380 candidates in 1901s: 783 feasible, 87 better than the seed  (selecting on improvement)
  [DE pop]  WARNING: only 87 improving for 240 slots (0.4x). The weight cannot
  [DE pop]           select at this headroom — raise gen_per_k to ~332 or lower pop_size.
  [DE pop]  top sparsities by allocated slots: k=13→1(37)  k=11→3(34)  k=7→6(32)  k=17→2(30)  k=23→1(27)
  [DE pop]  153 of 240 slots filled from feasible non-improving draws
  [DE pop]  done: f=1.050  cr=0.391 (k*=9 of 23)  best candidate Q=2.070652e+03
  [DE reheat 20]  gen=625  Q 2.071271e+03 -> 2.070652e+03  f=1.050 cr=0.391  k*=13/23  better=87 feas=783 of 1380  (carried 0)
  [DE gen= 626 DONE]  Q_best=2.070652e+03 Q_mean=2.073102e+03    feasible=240/240  improved=41  clusters=2  corners=0/23  evals=155280
  [DE gen= 627 DONE]  Q_best=2.070652e+03 Q_mean=2.072842e+03    feasible=240/240  improved=31  clusters=2  corners=0/23  evals=155520
  [DE gen= 628 DONE]  Q_best=2.070652e+03 Q_mean=2.072657e+03    feasible=240/240  improved=30  clusters=2  corners=0/23  evals=155760
  [DE gen= 629 DONE]  Q_best=2.070652e+03 Q_mean=2.072443e+03    feasible=240/240  improved=23  clusters=2  corners=0/23  evals=156000
  [DE gen= 630 DONE]  Q_best=2.070652e+03 Q_mean=2.072274e+03    feasible=240/240  improved=34  clusters=2  corners=0/23  evals=156240
  [DE gen= 631 DONE]  Q_best=2.070652e+03 Q_mean=2.072121e+03    feasible=240/240  improved=30  clusters=2  corners=0/23  evals=156480
  [DE gen= 632 DONE]  Q_best=2.070652e+03 Q_mean=2.071944e+03    feasible=240/240  improved=32  clusters=2  corners=0/23  evals=156720
  [DE gen= 633 DONE]  Q_best=2.070652e+03 Q_mean=2.071867e+03    feasible=240/240  improved=24  clusters=2  corners=0/23  evals=156960
  [DE gen= 634 DONE]  Q_best=2.070652e+03 Q_mean=2.071859e+03    feasible=240/240  improved=10  clusters=2  corners=0/23  evals=157200
  [DE gen= 635 DONE]  Q_best=2.070652e+03 Q_mean=2.071811e+03    feasible=240/240  improved=22  clusters=2  corners=0/23  evals=157440
  [DE gen= 636 DONE]  Q_best=2.070652e+03 Q_mean=2.071757e+03    feasible=240/240  improved=19  clusters=2  corners=0/23  evals=157680
  [DE gen= 637 DONE]  Q_best=2.070652e+03 Q_mean=2.071732e+03    feasible=240/240  improved=11  clusters=2  corners=0/23  evals=157920
  [DE gen= 638 DONE]  Q_best=2.070652e+03 Q_mean=2.071702e+03    feasible=240/240  improved=18  clusters=2  corners=0/23  evals=158160
  [DE gen= 639 DONE]  Q_best=2.070652e+03 Q_mean=2.071670e+03    feasible=240/240  improved=19  clusters=2  corners=0/23  evals=158400
  [DE gen= 640 DONE]  Q_best=2.070652e+03 Q_mean=2.071606e+03    feasible=240/240  improved=17  clusters=2  corners=0/23  evals=158640
  [DE gen= 641 DONE]  Q_best=2.070652e+03 Q_mean=2.071558e+03    feasible=240/240  improved=15  clusters=2  corners=0/23  evals=158880
  [DE gen= 642 DONE]  Q_best=2.070632e+03 Q_mean=2.071522e+03    feasible=240/240  improved=22  clusters=2  corners=0/23  evals=159120
  [DE gen= 643 DONE]  Q_best=2.070632e+03 Q_mean=2.071474e+03    feasible=240/240  improved=9  clusters=2  corners=0/23  evals=159360
  [DE gen= 644 DONE]  Q_best=2.070620e+03 Q_mean=2.071454e+03    feasible=240/240  improved=20  clusters=2  corners=0/23  evals=159600
  [DE gen= 645 DONE]  Q_best=2.070620e+03 Q_mean=2.071432e+03    feasible=240/240  improved=12  clusters=2  corners=0/23  evals=159840
  [DE gen= 646 DONE]  Q_best=2.070620e+03 Q_mean=2.071409e+03    feasible=240/240  improved=12  clusters=2  corners=0/23  evals=160080
  [DE gen= 647 DONE]  Q_best=2.070620e+03 Q_mean=2.071403e+03    feasible=240/240  improved=7  clusters=2  corners=0/23  evals=160320
  [DE gen= 648 DONE]  Q_best=2.070620e+03 Q_mean=2.071389e+03    feasible=240/240  improved=16  clusters=2  corners=0/23  evals=160560
  [DE gen= 649 DONE]  Q_best=2.070596e+03 Q_mean=2.071368e+03    feasible=240/240  improved=12  clusters=2  corners=0/23  evals=160800
  [DE gen= 650 DONE]  Q_best=2.070266e+03 Q_mean=2.071360e+03    feasible=240/240  improved=8  clusters=2  corners=0/23  evals=161040
  [DE gen= 651 DONE]  Q_best=2.070266e+03 Q_mean=2.071342e+03    feasible=240/240  improved=14  clusters=2  corners=0/23  evals=161280
  [DE gen= 652 DONE]  Q_best=2.070266e+03 Q_mean=2.071334e+03    feasible=240/240  improved=8  clusters=2  corners=0/23  evals=161520
  [DE gen= 653 DONE]  Q_best=2.070266e+03 Q_mean=2.071312e+03    feasible=240/240  improved=13  clusters=2  corners=0/23  evals=161760
  [DE gen= 654 DONE]  Q_best=2.070266e+03 Q_mean=2.071293e+03    feasible=240/240  improved=10  clusters=2  corners=0/23  evals=162000
  [DE gen= 655 DONE]  Q_best=2.070266e+03 Q_mean=2.071274e+03    feasible=240/240  improved=10  clusters=2  corners=0/23  evals=162240
  [DE gen= 656 DONE]  Q_best=2.070266e+03 Q_mean=2.071247e+03    feasible=240/240  improved=11  clusters=2  corners=0/23  evals=162480
  [DE gen= 657 DONE]  Q_best=2.070266e+03 Q_mean=2.071242e+03    feasible=240/240  improved=7  clusters=2  corners=0/23  evals=162720
  [DE pop]  starting population generator: 240 slots, 23 free parameters
  [DE pop]  step 1/2 — ΔQ<1 width per parameter: 12 bisections × 2 directions × 23 params = 552 solves
  [DE pop]  widths done in 694s: 23/23 parameters admit a step, median 0.00273, range 4.9e-05–0.017
  [DE pop]  step 2/2 — 60 candidates at each sparsity k = 1:23;  Q_seed=2.070266e+03
  [DE pop]  evaluating 1380 candidates...
  [DE pop]  1380 candidates in 1835s: 655 feasible, 38 better than the seed  (selecting on improvement)
  [DE pop]  WARNING: only 38 improving for 240 slots (0.2x). The weight cannot
  [DE pop]           select at this headroom — raise gen_per_k to ~418 or lower pop_size.
  [DE pop]  top sparsities by allocated slots: k=1→11(42)  k=3→6(38)  k=2→13(30)  k=7→1(29)  k=4→3(27)
  [DE pop]  202 of 240 slots filled from feasible non-improving draws
  [DE pop]  done: f=1.362  cr=0.261 (k*=6 of 23)  best candidate Q=2.070119e+03
  [DE reheat 21]  gen=657  Q 2.070266e+03 -> 2.070119e+03  f=1.362 cr=0.261  k*=1/23  better=38 feas=655 of 1380  (carried 0)
  [DE gen= 658 DONE]  Q_best=2.070119e+03 Q_mean=2.071299e+03    feasible=240/240  improved=27  clusters=3  corners=0/23  evals=163200
  [DE gen= 659 DONE]  Q_best=2.070119e+03 Q_mean=2.071123e+03    feasible=240/240  improved=44  clusters=3  corners=0/23  evals=163440
  [DE gen= 660 DONE]  Q_best=2.070119e+03 Q_mean=2.071010e+03    feasible=240/240  improved=30  clusters=2  corners=0/23  evals=163680
  [DE gen= 661 DONE]  Q_best=2.070119e+03 Q_mean=2.070924e+03    feasible=240/240  improved=27  clusters=1  corners=0/23  evals=163920
  [DE gen= 662 DONE]  Q_best=2.070119e+03 Q_mean=2.070849e+03    feasible=240/240  improved=36  clusters=2  corners=0/23  evals=164160
  [DE gen= 663 DONE]  Q_best=2.070119e+03 Q_mean=2.070779e+03    feasible=240/240  improved=42  clusters=2  corners=0/23  evals=164400
  [DE gen= 664 DONE]  Q_best=2.070045e+03 Q_mean=2.070709e+03    feasible=240/240  improved=23  clusters=1  corners=0/23  evals=164640
  [DE gen= 665 DONE]  Q_best=2.070033e+03 Q_mean=2.070659e+03    feasible=240/240  improved=30  clusters=1  corners=0/23  evals=164880
  [DE gen= 666 DONE]  Q_best=2.070033e+03 Q_mean=2.070639e+03    feasible=240/240  improved=20  clusters=2  corners=0/23  evals=165120
  [DE gen= 667 DONE]  Q_best=2.070033e+03 Q_mean=2.070613e+03    feasible=240/240  improved=21  clusters=2  corners=0/23  evals=165360
  [DE gen= 668 DONE]  Q_best=2.070033e+03 Q_mean=2.070538e+03    feasible=240/240  improved=22  clusters=1  corners=0/23  evals=165600
  [DE gen= 669 DONE]  Q_best=2.070033e+03 Q_mean=2.070515e+03    feasible=240/240  improved=15  clusters=1  corners=0/23  evals=165840
  [DE gen= 670 DONE]  Q_best=2.070000e+03 Q_mean=2.070482e+03    feasible=240/240  improved=27  clusters=1  corners=0/23  evals=166080
  [DE gen= 671 DONE]  Q_best=2.069954e+03 Q_mean=2.070476e+03    feasible=240/240  improved=16  clusters=2  corners=0/23  evals=166320
  [DE gen= 672 DONE]  Q_best=2.069954e+03 Q_mean=2.070463e+03    feasible=240/240  improved=24  clusters=2  corners=0/23  evals=166560
  [DE gen= 673 DONE]  Q_best=2.069954e+03 Q_mean=2.070451e+03    feasible=240/240  improved=16  clusters=2  corners=0/23  evals=166800
  [DE gen= 674 DONE]  Q_best=2.069954e+03 Q_mean=2.070439e+03    feasible=240/240  improved=23  clusters=2  corners=0/23  evals=167040
  [DE gen= 675 DONE]  Q_best=2.069954e+03 Q_mean=2.070434e+03    feasible=240/240  improved=13  clusters=2  corners=0/23  evals=167280
  [DE gen= 676 DONE]  Q_best=2.069954e+03 Q_mean=2.070423e+03    feasible=240/240  improved=18  clusters=1  corners=0/23  evals=167520
  [DE gen= 677 DONE]  Q_best=2.069954e+03 Q_mean=2.070409e+03    feasible=240/240  improved=20  clusters=1  corners=0/23  evals=167760
  [DE gen= 678 DONE]  Q_best=2.069954e+03 Q_mean=2.070398e+03    feasible=240/240  improved=17  clusters=2  corners=0/23  evals=168000
  [DE gen= 679 DONE]  Q_best=2.069954e+03 Q_mean=2.070390e+03    feasible=240/240  improved=20  clusters=2  corners=0/23  evals=168240
  [DE gen= 680 DONE]  Q_best=2.069954e+03 Q_mean=2.070383e+03    feasible=240/240  improved=14  clusters=2  corners=0/23  evals=168480
  [DE gen= 681 DONE]  Q_best=2.069954e+03 Q_mean=2.070376e+03    feasible=240/240  improved=24  clusters=3  corners=0/23  evals=168720
  [DE gen= 682 DONE]  Q_best=2.069954e+03 Q_mean=2.070370e+03    feasible=240/240  improved=16  clusters=2  corners=0/23  evals=168960
  [DE gen= 683 DONE]  Q_best=2.069856e+03 Q_mean=2.070361e+03    feasible=240/240  improved=18  clusters=2  corners=0/23  evals=169200
  [DE gen= 684 DONE]  Q_best=2.069856e+03 Q_mean=2.070353e+03    feasible=240/240  improved=14  clusters=1  corners=0/23  evals=169440
  [DE gen= 685 DONE]  Q_best=2.069856e+03 Q_mean=2.070348e+03    feasible=240/240  improved=9  clusters=2  corners=0/23  evals=169680
  [DE gen= 686 DONE]  Q_best=2.069856e+03 Q_mean=2.070341e+03    feasible=240/240  improved=17  clusters=2  corners=0/23  evals=169920
  [DE gen= 687 DONE]  Q_best=2.069856e+03 Q_mean=2.070332e+03    feasible=240/240  improved=16  clusters=2  corners=0/23  evals=170160
  [DE gen= 688 DONE]  Q_best=2.069856e+03 Q_mean=2.070317e+03    feasible=240/240  improved=15  clusters=2  corners=0/23  evals=170400
  [DE gen= 689 DONE]  Q_best=2.069856e+03 Q_mean=2.070308e+03    feasible=240/240  improved=17  clusters=2  corners=0/23  evals=170640
  [DE gen= 690 DONE]  Q_best=2.069856e+03 Q_mean=2.070300e+03    feasible=240/240  improved=16  clusters=2  corners=0/23  evals=170880
  [DE gen= 691 DONE]  Q_best=2.069856e+03 Q_mean=2.070284e+03    feasible=240/240  improved=11  clusters=2  corners=0/23  evals=171120
  [DE gen= 692 DONE]  Q_best=2.069856e+03 Q_mean=2.070282e+03    feasible=240/240  improved=8  clusters=2  corners=0/23  evals=171360
  [DE pop]  starting population generator: 240 slots, 23 free parameters
  [DE pop]  step 1/2 — ΔQ<1 width per parameter: 12 bisections × 2 directions × 23 params = 552 solves
  [DE pop]  widths done in 728s: 23/23 parameters admit a step, median 0.00249, range 9.8e-05–0.029
  [DE pop]  step 2/2 — 60 candidates at each sparsity k = 1:23;  Q_seed=2.069856e+03
  [DE pop]  evaluating 1380 candidates...
  [DE pop]  1380 candidates in 1812s: 689 feasible, 50 better than the seed  (selecting on improvement)
  [DE pop]  WARNING: only 50 improving for 240 slots (0.2x). The weight cannot
  [DE pop]           select at this headroom — raise gen_per_k to ~418 or lower pop_size.
  [DE pop]  top sparsities by allocated slots: k=8→5(37)  k=12→1(34)  k=9→2(28)  k=18→1(28)  k=7→3(26)
  [DE pop]  190 of 240 slots filled from feasible non-improving draws
  [DE pop]  done: f=1.098  cr=0.304 (k*=7 of 23)  best candidate Q=2.069572e+03
  [DE reheat 22]  gen=692  Q 2.069856e+03 -> 2.069572e+03  f=1.098 cr=0.304  k*=8/23  better=50 feas=689 of 1380  (carried 0)
  [DE gen= 693 DONE]  Q_best=2.069516e+03 Q_mean=2.071744e+03    feasible=240/240  improved=36  clusters=2  corners=0/23  evals=171840
  [DE gen= 694 DONE]  Q_best=2.069446e+03 Q_mean=2.071488e+03    feasible=240/240  improved=44  clusters=2  corners=0/23  evals=172080
  [DE gen= 695 DONE]  Q_best=2.069446e+03 Q_mean=2.071315e+03    feasible=240/240  improved=37  clusters=2  corners=0/23  evals=172320
  [DE gen= 696 DONE]  Q_best=2.069446e+03 Q_mean=2.071139e+03    feasible=240/240  improved=29  clusters=2  corners=0/23  evals=172560
  [DE gen= 697 DONE]  Q_best=2.069446e+03 Q_mean=2.070975e+03    feasible=240/240  improved=26  clusters=2  corners=0/23  evals=172800
  [DE gen= 698 DONE]  Q_best=2.069446e+03 Q_mean=2.070916e+03    feasible=240/240  improved=20  clusters=2  corners=0/23  evals=173040
  [DE gen= 699 DONE]  Q_best=2.069446e+03 Q_mean=2.070772e+03    feasible=240/240  improved=31  clusters=2  corners=0/23  evals=173280
  [DE gen= 700 DONE]  Q_best=2.069446e+03 Q_mean=2.070703e+03    feasible=240/240  improved=20  clusters=2  corners=0/23  evals=173520
  [DE gen= 701 DONE]  Q_best=2.069446e+03 Q_mean=2.070665e+03    feasible=240/240  improved=18  clusters=2  corners=0/23  evals=173760
  [DE gen= 702 DONE]  Q_best=2.069399e+03 Q_mean=2.070611e+03    feasible=240/240  improved=14  clusters=2  corners=0/23  evals=174000
  [DE gen= 703 DONE]  Q_best=2.069399e+03 Q_mean=2.070529e+03    feasible=240/240  improved=24  clusters=2  corners=0/23  evals=174240
  [DE gen= 704 DONE]  Q_best=2.069399e+03 Q_mean=2.070502e+03    feasible=240/240  improved=16  clusters=2  corners=0/23  evals=174480
  [DE gen= 705 DONE]  Q_best=2.069399e+03 Q_mean=2.070431e+03    feasible=240/240  improved=20  clusters=2  corners=0/23  evals=174720
  [DE gen= 706 DONE]  Q_best=2.069399e+03 Q_mean=2.070404e+03    feasible=240/240  improved=18  clusters=2  corners=0/23  evals=174960
  [DE gen= 707 DONE]  Q_best=2.069108e+03 Q_mean=2.070342e+03    feasible=240/240  improved=21  clusters=1  corners=0/23  evals=175200
  [DE gen= 708 DONE]  Q_best=2.069108e+03 Q_mean=2.070297e+03    feasible=240/240  improved=18  clusters=1  corners=0/23  evals=175440
  [DE gen= 709 DONE]  Q_best=2.069108e+03 Q_mean=2.070259e+03    feasible=240/240  improved=15  clusters=2  corners=0/23  evals=175680
  [DE gen= 710 DONE]  Q_best=2.069108e+03 Q_mean=2.070233e+03    feasible=240/240  improved=14  clusters=2  corners=0/23  evals=175920
  [DE gen= 711 DONE]  Q_best=2.069108e+03 Q_mean=2.070212e+03    feasible=240/240  improved=17  clusters=2  corners=0/23  evals=176160
  [DE gen= 712 DONE]  Q_best=2.069108e+03 Q_mean=2.070184e+03    feasible=240/240  improved=19  clusters=1  corners=0/23  evals=176400
  [DE gen= 713 DONE]  Q_best=2.069108e+03 Q_mean=2.070170e+03    feasible=240/240  improved=9  clusters=1  corners=0/23  evals=176640
  [DE pop]  starting population generator: 240 slots, 23 free parameters
  [DE pop]  step 1/2 — ΔQ<1 width per parameter: 12 bisections × 2 directions × 23 params = 552 solves
  [DE pop]  widths done in 599s: 23/23 parameters admit a step, median 0.00376, range 0.00015–0.023
  [DE pop]  step 2/2 — 60 candidates at each sparsity k = 1:23;  Q_seed=2.069108e+03
  [DE pop]  evaluating 1380 candidates...
  [DE pop]  1380 candidates in 1465s: 789 feasible, 61 better than the seed  (selecting on improvement)
  [DE pop]  WARNING: only 61 improving for 240 slots (0.3x). The weight cannot
  [DE pop]           select at this headroom — raise gen_per_k to ~418 or lower pop_size.
  [DE pop]  top sparsities by allocated slots: k=6→8(48)  k=4→9(41)  k=8→2(38)  k=3→6(36)  k=22→1(35)
  [DE pop]  179 of 240 slots filled from feasible non-improving draws
  [DE pop]  done: f=1.299  cr=0.217 (k*=5 of 23)  best candidate Q=2.068856e+03
  [DE reheat 23]  gen=713  Q 2.069108e+03 -> 2.068856e+03  f=1.299 cr=0.217  k*=6/23  better=61 feas=789 of 1380  (carried 0)
  [DE gen= 714 DONE]  Q_best=2.068856e+03 Q_mean=2.070286e+03    feasible=240/240  improved=45  clusters=2  corners=0/23  evals=177120
  [DE gen= 715 DONE]  Q_best=2.068848e+03 Q_mean=2.070083e+03    feasible=240/240  improved=37  clusters=2  corners=0/23  evals=177360
  [DE gen= 716 DONE]  Q_best=2.068766e+03 Q_mean=2.069984e+03    feasible=240/240  improved=42  clusters=2  corners=0/23  evals=177600
  [DE gen= 717 DONE]  Q_best=2.068766e+03 Q_mean=2.069868e+03    feasible=240/240  improved=36  clusters=2  corners=0/23  evals=177840
  [DE gen= 718 DONE]  Q_best=2.068766e+03 Q_mean=2.069790e+03    feasible=240/240  improved=33  clusters=2  corners=0/23  evals=178080
  [DE gen= 719 DONE]  Q_best=2.068766e+03 Q_mean=2.069742e+03    feasible=240/240  improved=25  clusters=1  corners=0/23  evals=178320
  [DE gen= 720 DONE]  Q_best=2.068766e+03 Q_mean=2.069672e+03    feasible=240/240  improved=37  clusters=2  corners=0/23  evals=178560
  [DE gen= 721 DONE]  Q_best=2.068766e+03 Q_mean=2.069644e+03    feasible=240/240  improved=34  clusters=2  corners=0/23  evals=178800
  [DE gen= 722 DONE]  Q_best=2.068692e+03 Q_mean=2.069554e+03    feasible=240/240  improved=35  clusters=2  corners=0/23  evals=179040
  [DE gen= 723 DONE]  Q_best=2.068692e+03 Q_mean=2.069513e+03    feasible=240/240  improved=19  clusters=3  corners=0/23  evals=179280
  [DE gen= 724 DONE]  Q_best=2.068468e+03 Q_mean=2.069488e+03    feasible=240/240  improved=26  clusters=3  corners=0/23  evals=179520
  [DE gen= 725 DONE]  Q_best=2.068468e+03 Q_mean=2.069419e+03    feasible=240/240  improved=26  clusters=3  corners=0/23  evals=179760
  [DE gen= 726 DONE]  Q_best=2.068468e+03 Q_mean=2.069405e+03    feasible=240/240  improved=23  clusters=3  corners=0/23  evals=180000
  [DE gen= 727 DONE]  Q_best=2.068468e+03 Q_mean=2.069375e+03    feasible=240/240  improved=29  clusters=3  corners=0/23  evals=180240
  [DE gen= 728 DONE]  Q_best=2.068468e+03 Q_mean=2.069361e+03    feasible=240/240  improved=25  clusters=3  corners=0/23  evals=180480
  [DE gen= 729 DONE]  Q_best=2.068373e+03 Q_mean=2.069317e+03    feasible=240/240  improved=22  clusters=3  corners=0/23  evals=180720
  [DE gen= 730 DONE]  Q_best=2.068373e+03 Q_mean=2.069301e+03    feasible=240/240  improved=24  clusters=3  corners=0/23  evals=180960
  [DE gen= 731 DONE]  Q_best=2.068373e+03 Q_mean=2.069288e+03    feasible=240/240  improved=20  clusters=3  corners=0/23  evals=181200
  [DE gen= 732 DONE]  Q_best=2.068373e+03 Q_mean=2.069276e+03    feasible=240/240  improved=22  clusters=3  corners=0/23  evals=181440
  [DE gen= 733 DONE]  Q_best=2.068373e+03 Q_mean=2.069271e+03    feasible=240/240  improved=16  clusters=3  corners=0/23  evals=181680
  [DE gen= 734 DONE]  Q_best=2.068373e+03 Q_mean=2.069251e+03    feasible=240/240  improved=18  clusters=2  corners=0/23  evals=181920
  [DE gen= 735 DONE]  Q_best=2.068373e+03 Q_mean=2.069238e+03    feasible=240/240  improved=16  clusters=2  corners=0/23  evals=182160
  [DE gen= 736 DONE]  Q_best=2.068349e+03 Q_mean=2.069231e+03    feasible=240/240  improved=17  clusters=2  corners=0/23  evals=182400
  [DE gen= 737 DONE]  Q_best=2.068349e+03 Q_mean=2.069219e+03    feasible=240/240  improved=16  clusters=2  corners=0/23  evals=182640
  [DE gen= 738 DONE]  Q_best=2.068349e+03 Q_mean=2.069210e+03    feasible=240/240  improved=13  clusters=2  corners=0/23  evals=182880
  [DE gen= 739 DONE]  Q_best=2.068349e+03 Q_mean=2.069201e+03    feasible=240/240  improved=17  clusters=2  corners=0/23  evals=183120
  [DE gen= 740 DONE]  Q_best=2.068349e+03 Q_mean=2.069192e+03    feasible=240/240  improved=13  clusters=2  corners=0/23  evals=183360
  [DE gen= 741 DONE]  Q_best=2.068349e+03 Q_mean=2.069187e+03    feasible=240/240  improved=13  clusters=4  corners=0/23  evals=183600
  [DE gen= 742 DONE]  Q_best=2.068349e+03 Q_mean=2.069175e+03    feasible=240/240  improved=18  clusters=2  corners=0/23  evals=183840
  [DE gen= 743 DONE]  Q_best=2.068349e+03 Q_mean=2.069168e+03    feasible=240/240  improved=12  clusters=2  corners=0/23  evals=184080
  [DE gen= 744 DONE]  Q_best=2.068349e+03 Q_mean=2.069160e+03    feasible=240/240  improved=17  clusters=2  corners=0/23  evals=184320
  [DE gen= 745 DONE]  Q_best=2.068349e+03 Q_mean=2.069151e+03    feasible=240/240  improved=11  clusters=2  corners=0/23  evals=184560
  [DE gen= 746 DONE]  Q_best=2.068349e+03 Q_mean=2.069140e+03    feasible=240/240  improved=21  clusters=2  corners=0/23  evals=184800
  [DE gen= 747 DONE]  Q_best=2.068349e+03 Q_mean=2.069132e+03    feasible=240/240  improved=16  clusters=2  corners=0/23  evals=185040
  [DE gen= 748 DONE]  Q_best=2.068349e+03 Q_mean=2.069125e+03    feasible=240/240  improved=12  clusters=2  corners=0/23  evals=185280
  [DE gen= 749 DONE]  Q_best=2.068349e+03 Q_mean=2.069111e+03    feasible=240/240  improved=20  clusters=2  corners=0/23  evals=185520
  [DE gen= 750 DONE]  Q_best=2.068349e+03 Q_mean=2.069099e+03    feasible=240/240  improved=17  clusters=2  corners=0/23  evals=185760
  [DE gen= 751 DONE]  Q_best=2.068349e+03 Q_mean=2.069090e+03    feasible=240/240  improved=14  clusters=4  corners=0/23  evals=186000
  [DE gen= 752 DONE]  Q_best=2.068349e+03 Q_mean=2.069081e+03    feasible=240/240  improved=13  clusters=2  corners=0/23  evals=186240
  [DE gen= 753 DONE]  Q_best=2.068309e+03 Q_mean=2.069067e+03    feasible=240/240  improved=16  clusters=2  corners=0/23  evals=186480
  [DE gen= 754 DONE]  Q_best=2.068309e+03 Q_mean=2.069061e+03    feasible=240/240  improved=10  clusters=2  corners=0/23  evals=186720
  [DE gen= 755 DONE]  Q_best=2.068309e+03 Q_mean=2.069055e+03    feasible=240/240  improved=11  clusters=2  corners=0/23  evals=186960
  [DE gen= 756 DONE]  Q_best=2.068309e+03 Q_mean=2.069042e+03    feasible=240/240  improved=22  clusters=2  corners=0/23  evals=187200
  [DE gen= 757 DONE]  Q_best=2.068309e+03 Q_mean=2.069039e+03    feasible=240/240  improved=12  clusters=3  corners=0/23  evals=187440
  [DE gen= 758 DONE]  Q_best=2.068309e+03 Q_mean=2.069037e+03    feasible=240/240  improved=6  clusters=3  corners=0/23  evals=187680
  [DE gen= 759 DONE]  Q_best=2.068309e+03 Q_mean=2.069032e+03    feasible=240/240  improved=15  clusters=2  corners=0/23  evals=187920
  [DE gen= 760 DONE]  Q_best=2.068309e+03 Q_mean=2.069028e+03    feasible=240/240  improved=9  clusters=3  corners=0/23  evals=188160
  [DE pop]  starting population generator: 240 slots, 23 free parameters
  [DE pop]  step 1/2 — ΔQ<1 width per parameter: 12 bisections × 2 directions × 23 params = 552 solves
  [DE pop]  widths done in 684s: 23/23 parameters admit a step, median 0.00264, range 4.9e-05–0.012
  [DE pop]  step 2/2 — 60 candidates at each sparsity k = 1:23;  Q_seed=2.068309e+03
  [DE pop]  evaluating 1380 candidates...
  [DE pop]  1380 candidates in 1820s: 645 feasible, 72 better than the seed  (selecting on improvement)
  [DE pop]  WARNING: only 72 improving for 240 slots (0.3x). The weight cannot
  [DE pop]           select at this headroom — raise gen_per_k to ~400 or lower pop_size.
  [DE pop]  top sparsities by allocated slots: k=8→8(42)  k=11→4(34)  k=5→8(32)  k=9→1(21)  k=20→2(20)
  [DE pop]  168 of 240 slots filled from feasible non-improving draws
  [DE pop]  done: f=1.136  cr=0.348 (k*=8 of 23)  best candidate Q=2.068030e+03
  [DE reheat 24]  gen=760  Q 2.068309e+03 -> 2.068030e+03  f=1.136 cr=0.348  k*=8/23  better=72 feas=645 of 1380  (carried 0)
  [DE gen= 761 DONE]  Q_best=2.068030e+03 Q_mean=2.069775e+03    feasible=240/240  improved=37  clusters=2  corners=0/23  evals=188640
  [DE gen= 762 DONE]  Q_best=2.068014e+03 Q_mean=2.069589e+03    feasible=240/240  improved=25  clusters=2  corners=0/23  evals=188880
  [DE gen= 763 DONE]  Q_best=2.067959e+03 Q_mean=2.069378e+03    feasible=240/240  improved=35  clusters=2  corners=0/23  evals=189120
  [DE gen= 764 DONE]  Q_best=2.067959e+03 Q_mean=2.069209e+03    feasible=240/240  improved=26  clusters=2  corners=0/23  evals=189360
  [DE gen= 765 DONE]  Q_best=2.067930e+03 Q_mean=2.069150e+03    feasible=240/240  improved=20  clusters=2  corners=0/23  evals=189600
  [DE gen= 766 DONE]  Q_best=2.067930e+03 Q_mean=2.068958e+03    feasible=240/240  improved=26  clusters=2  corners=0/23  evals=189840
  [DE gen= 767 DONE]  Q_best=2.067930e+03 Q_mean=2.068928e+03    feasible=240/240  improved=13  clusters=2  corners=0/23  evals=190080
  [DE gen= 768 DONE]  Q_best=2.067930e+03 Q_mean=2.068883e+03    feasible=240/240  improved=22  clusters=2  corners=0/23  evals=190320
  [DE gen= 769 DONE]  Q_best=2.067930e+03 Q_mean=2.068842e+03    feasible=240/240  improved=20  clusters=2  corners=0/23  evals=190560
  [DE gen= 770 DONE]  Q_best=2.067930e+03 Q_mean=2.068811e+03    feasible=240/240  improved=10  clusters=2  corners=0/23  evals=190800
  [DE gen= 771 DONE]  Q_best=2.067924e+03 Q_mean=2.068753e+03    feasible=240/240  improved=20  clusters=2  corners=0/23  evals=191040
  [DE gen= 772 DONE]  Q_best=2.067924e+03 Q_mean=2.068707e+03    feasible=240/240  improved=22  clusters=1  corners=0/23  evals=191280
  [DE gen= 773 DONE]  Q_best=2.067924e+03 Q_mean=2.068683e+03    feasible=240/240  improved=20  clusters=1  corners=0/23  evals=191520
  [DE gen= 774 DONE]  Q_best=2.067848e+03 Q_mean=2.068640e+03    feasible=240/240  improved=14  clusters=1  corners=0/23  evals=191760
  [DE gen= 775 DONE]  Q_best=2.067848e+03 Q_mean=2.068619e+03    feasible=240/240  improved=16  clusters=1  corners=0/23  evals=192000
  [DE gen= 776 DONE]  Q_best=2.067848e+03 Q_mean=2.068589e+03    feasible=240/240  improved=16  clusters=1  corners=0/23  evals=192240
  [DE gen= 777 DONE]  Q_best=2.067848e+03 Q_mean=2.068564e+03    feasible=240/240  improved=16  clusters=1  corners=0/23  evals=192480
  [DE gen= 778 DONE]  Q_best=2.067848e+03 Q_mean=2.068540e+03    feasible=240/240  improved=12  clusters=2  corners=0/23  evals=192720
  [DE gen= 779 DONE]  Q_best=2.067848e+03 Q_mean=2.068506e+03    feasible=240/240  improved=8  clusters=1  corners=0/23  evals=192960
  [DE gen= 780 DONE]  Q_best=2.067848e+03 Q_mean=2.068497e+03    feasible=240/240  improved=10  clusters=1  corners=0/23  evals=193200
  [DE gen= 781 DONE]  Q_best=2.067848e+03 Q_mean=2.068490e+03    feasible=240/240  improved=11  clusters=2  corners=0/23  evals=193440
  [DE gen= 782 DONE]  Q_best=2.067848e+03 Q_mean=2.068453e+03    feasible=240/240  improved=16  clusters=1  corners=0/23  evals=193680
  [DE gen= 783 DONE]  Q_best=2.067848e+03 Q_mean=2.068446e+03    feasible=240/240  improved=12  clusters=2  corners=0/23  evals=193920
  [DE gen= 784 DONE]  Q_best=2.067848e+03 Q_mean=2.068439e+03    feasible=240/240  improved=8  clusters=2  corners=0/23  evals=194160
  [DE pop]  starting population generator: 240 slots, 23 free parameters
  [DE pop]  step 1/2 — ΔQ<1 width per parameter: 12 bisections × 2 directions × 23 params = 552 solves
  [DE pop]  widths done in 679s: 23/23 parameters admit a step, median 0.00234, range 9.8e-05–0.017
  [DE pop]  step 2/2 — 60 candidates at each sparsity k = 1:23;  Q_seed=2.067848e+03
  [DE pop]  evaluating 1380 candidates...
  [DE pop]  1380 candidates in 1517s: 756 feasible, 57 better than the seed  (selecting on improvement)
  [DE pop]  WARNING: only 57 improving for 240 slots (0.2x). The weight cannot
  [DE pop]           select at this headroom — raise gen_per_k to ~418 or lower pop_size.
  [DE pop]  top sparsities by allocated slots: k=5→4(43)  k=6→5(36)  k=9→2(36)  k=7→3(35)  k=14→1(28)
  [DE pop]  183 of 240 slots filled from feasible non-improving draws
  [DE pop]  done: f=1.261  cr=0.348 (k*=8 of 23)  best candidate Q=2.067495e+03
  [DE reheat 25]  gen=784  Q 2.067848e+03 -> 2.067495e+03  f=1.261 cr=0.348  k*=5/23  better=57 feas=756 of 1380  (carried 0)
  [DE gen= 785 DONE]  Q_best=2.067495e+03 Q_mean=2.070308e+03    feasible=239/240  improved=47  clusters=2  corners=0/23  evals=194640
  [DE gen= 786 DONE]  Q_best=2.067495e+03 Q_mean=2.069887e+03    feasible=239/240  improved=32  clusters=2  corners=0/23  evals=194880
  [DE gen= 787 DONE]  Q_best=2.067386e+03 Q_mean=2.069627e+03    feasible=239/240  improved=32  clusters=2  corners=0/23  evals=195120
  [DE gen= 788 DONE]  Q_best=2.067386e+03 Q_mean=2.069422e+03    feasible=240/240  improved=29  clusters=2  corners=0/23  evals=195360
  [DE gen= 789 DONE]  Q_best=2.067305e+03 Q_mean=2.069272e+03    feasible=240/240  improved=25  clusters=3  corners=0/23  evals=195600
  [DE gen= 790 DONE]  Q_best=2.067305e+03 Q_mean=2.069118e+03    feasible=240/240  improved=28  clusters=3  corners=0/23  evals=195840
  [DE gen= 791 DONE]  Q_best=2.067305e+03 Q_mean=2.069069e+03    feasible=240/240  improved=17  clusters=3  corners=0/23  evals=196080
  [DE gen= 792 DONE]  Q_best=2.067305e+03 Q_mean=2.069010e+03    feasible=240/240  improved=21  clusters=2  corners=0/23  evals=196320
  [DE gen= 793 DONE]  Q_best=2.067305e+03 Q_mean=2.068792e+03    feasible=240/240  improved=26  clusters=5  corners=0/23  evals=196560
  [DE gen= 794 DONE]  Q_best=2.067305e+03 Q_mean=2.068759e+03    feasible=240/240  improved=16  clusters=2  corners=0/23  evals=196800
  [DE gen= 795 DONE]  Q_best=2.067305e+03 Q_mean=2.068672e+03    feasible=240/240  improved=18  clusters=2  corners=0/23  evals=197040
  [DE gen= 796 DONE]  Q_best=2.067305e+03 Q_mean=2.068595e+03    feasible=240/240  improved=16  clusters=2  corners=0/23  evals=197280
  [DE gen= 797 DONE]  Q_best=2.067305e+03 Q_mean=2.068509e+03    feasible=240/240  improved=18  clusters=2  corners=0/23  evals=197520
  [DE gen= 798 DONE]  Q_best=2.067305e+03 Q_mean=2.068484e+03    feasible=240/240  improved=14  clusters=2  corners=0/23  evals=197760
  [DE gen= 799 DONE]  Q_best=2.067305e+03 Q_mean=2.068460e+03    feasible=240/240  improved=8  clusters=2  corners=0/23  evals=198000
  [DE pop]  starting population generator: 240 slots, 23 free parameters
  [DE pop]  step 1/2 — ΔQ<1 width per parameter: 12 bisections × 2 directions × 23 params = 552 solves
  [DE pop]  widths done in 721s: 23/23 parameters admit a step, median 0.00273, range 4.9e-05–0.018
  [DE pop]  step 2/2 — 60 candidates at each sparsity k = 1:23;  Q_seed=2.067305e+03
  [DE pop]  evaluating 1380 candidates...
  [DE pop]  1380 candidates in 1931s: 704 feasible, 33 better than the seed  (selecting on improvement)
  [DE pop]  WARNING: only 33 improving for 240 slots (0.1x). The weight cannot
  [DE pop]           select at this headroom — raise gen_per_k to ~418 or lower pop_size.
  [DE pop]  top sparsities by allocated slots: k=4→4(38)  k=3→4(37)  k=6→1(35)  k=2→7(33)  k=7→1(26)
  [DE pop]  207 of 240 slots filled from feasible non-improving draws
  [DE pop]  done: f=1.383  cr=0.217 (k*=5 of 23)  best candidate Q=2.067115e+03
  [DE reheat 26]  gen=799  Q 2.067305e+03 -> 2.067115e+03  f=1.383 cr=0.217  k*=4/23  better=33 feas=704 of 1380  (carried 0)
  [DE gen= 800 DONE]  Q_best=2.067115e+03 Q_mean=2.068444e+03    feasible=239/240  improved=54  clusters=2  corners=0/23  evals=198480
  [DE gen= 801 DONE]  Q_best=2.067115e+03 Q_mean=2.068266e+03    feasible=239/240  improved=47  clusters=2  corners=0/23  evals=198720
  [DE gen= 802 DONE]  Q_best=2.067006e+03 Q_mean=2.068239e+03    feasible=240/240  improved=28  clusters=2  corners=0/23  evals=198960
  [DE gen= 803 DONE]  Q_best=2.067006e+03 Q_mean=2.068141e+03    feasible=240/240  improved=37  clusters=2  corners=0/23  evals=199200
  [DE gen= 804 DONE]  Q_best=2.067006e+03 Q_mean=2.068082e+03    feasible=240/240  improved=30  clusters=2  corners=0/23  evals=199440
  [DE gen= 805 DONE]  Q_best=2.067006e+03 Q_mean=2.068024e+03    feasible=240/240  improved=34  clusters=2  corners=0/23  evals=199680
  [DE gen= 806 DONE]  Q_best=2.067006e+03 Q_mean=2.067934e+03    feasible=240/240  improved=35  clusters=2  corners=0/23  evals=199920
  [DE gen= 807 DONE]  Q_best=2.067006e+03 Q_mean=2.067859e+03    feasible=240/240  improved=23  clusters=2  corners=0/23  evals=200160
  [DE gen= 808 DONE]  Q_best=2.067006e+03 Q_mean=2.067836e+03    feasible=240/240  improved=24  clusters=2  corners=0/23  evals=200400
  [DE gen= 809 DONE]  Q_best=2.067006e+03 Q_mean=2.067776e+03    feasible=240/240  improved=13  clusters=2  corners=0/23  evals=200640
  [DE gen= 810 DONE]  Q_best=2.067006e+03 Q_mean=2.067764e+03    feasible=240/240  improved=22  clusters=2  corners=0/23  evals=200880
  [DE gen= 811 DONE]  Q_best=2.067006e+03 Q_mean=2.067737e+03    feasible=240/240  improved=26  clusters=2  corners=0/23  evals=201120
  [DE gen= 812 DONE]  Q_best=2.067006e+03 Q_mean=2.067707e+03    feasible=240/240  improved=25  clusters=2  corners=0/23  evals=201360
  [DE gen= 813 DONE]  Q_best=2.067006e+03 Q_mean=2.067692e+03    feasible=240/240  improved=15  clusters=1  corners=0/23  evals=201600
  [DE gen= 814 DONE]  Q_best=2.067006e+03 Q_mean=2.067679e+03    feasible=240/240  improved=20  clusters=2  corners=0/23  evals=201840
  [DE gen= 815 DONE]  Q_best=2.067006e+03 Q_mean=2.067660e+03    feasible=240/240  improved=19  clusters=2  corners=0/23  evals=202080
  [DE gen= 816 DONE]  Q_best=2.066977e+03 Q_mean=2.067652e+03    feasible=240/240  improved=17  clusters=2  corners=0/23  evals=202320
  [DE gen= 817 DONE]  Q_best=2.066977e+03 Q_mean=2.067631e+03    feasible=240/240  improved=23  clusters=3  corners=0/23  evals=202560
  [DE gen= 818 DONE]  Q_best=2.066977e+03 Q_mean=2.067620e+03    feasible=240/240  improved=17  clusters=2  corners=0/23  evals=202800
  [DE gen= 819 DONE]  Q_best=2.066977e+03 Q_mean=2.067582e+03    feasible=240/240  improved=17  clusters=2  corners=0/23  evals=203040
  [DE gen= 820 DONE]  Q_best=2.066977e+03 Q_mean=2.067574e+03    feasible=240/240  improved=18  clusters=2  corners=0/23  evals=203280
  [DE gen= 821 DONE]  Q_best=2.066977e+03 Q_mean=2.067568e+03    feasible=240/240  improved=11  clusters=2  corners=0/23  evals=203520
  [DE gen= 822 DONE]  Q_best=2.066977e+03 Q_mean=2.067557e+03    feasible=240/240  improved=16  clusters=2  corners=0/23  evals=203760
  [DE gen= 823 DONE]  Q_best=2.066977e+03 Q_mean=2.067529e+03    feasible=240/240  improved=22  clusters=2  corners=0/23  evals=204000
  [DE gen= 824 DONE]  Q_best=2.066977e+03 Q_mean=2.067521e+03    feasible=240/240  improved=18  clusters=2  corners=0/23  evals=204240
  [DE gen= 825 DONE]  Q_best=2.066946e+03 Q_mean=2.067490e+03    feasible=240/240  improved=12  clusters=2  corners=0/23  evals=204480
  [DE gen= 826 DONE]  Q_best=2.066946e+03 Q_mean=2.067486e+03    feasible=240/240  improved=11  clusters=2  corners=0/23  evals=204720
  [DE gen= 827 DONE]  Q_best=2.066946e+03 Q_mean=2.067466e+03    feasible=240/240  improved=15  clusters=2  corners=0/23  evals=204960
  [DE gen= 828 DONE]  Q_best=2.066946e+03 Q_mean=2.067463e+03    feasible=240/240  improved=6  clusters=2  corners=0/23  evals=205200
  [DE gen= 829 DONE]  Q_best=2.066946e+03 Q_mean=2.067459e+03    feasible=240/240  improved=15  clusters=2  corners=0/23  evals=205440
  [DE gen= 830 DONE]  Q_best=2.066946e+03 Q_mean=2.067456e+03    feasible=240/240  improved=14  clusters=2  corners=0/23  evals=205680
  [DE gen= 831 DONE]  Q_best=2.066946e+03 Q_mean=2.067436e+03    feasible=240/240  improved=10  clusters=2  corners=0/23  evals=205920
  [DE gen= 832 DONE]  Q_best=2.066946e+03 Q_mean=2.067426e+03    feasible=240/240  improved=15  clusters=2  corners=0/23  evals=206160
  [DE gen= 833 DONE]  Q_best=2.066946e+03 Q_mean=2.067422e+03    feasible=240/240  improved=12  clusters=2  corners=0/23  evals=206400
  [DE gen= 834 DONE]  Q_best=2.066946e+03 Q_mean=2.067418e+03    feasible=240/240  improved=12  clusters=2  corners=0/23  evals=206640
  [DE gen= 835 DONE]  Q_best=2.066946e+03 Q_mean=2.067412e+03    feasible=240/240  improved=15  clusters=2  corners=0/23  evals=206880
  [DE gen= 836 DONE]  Q_best=2.066946e+03 Q_mean=2.067408e+03    feasible=240/240  improved=10  clusters=2  corners=0/23  evals=207120
  [DE gen= 837 DONE]  Q_best=2.066946e+03 Q_mean=2.067405e+03    feasible=240/240  improved=8  clusters=2  corners=0/23  evals=207360
  [DE pop]  starting population generator: 240 slots, 23 free parameters
  [DE pop]  step 1/2 — ΔQ<1 width per parameter: 12 bisections × 2 directions × 23 params = 552 solves
  [DE pop]  widths done in 755s: 23/23 parameters admit a step, median 0.00322, range 4.9e-05–0.015
  [DE pop]  step 2/2 — 60 candidates at each sparsity k = 1:23;  Q_seed=2.067132e+03
  [DE pop]  evaluating 1380 candidates...
  [DE pop]  1380 candidates in 1579s: 760 feasible, 91 better than the seed  (selecting on improvement)
  [DE pop]  WARNING: only 91 improving for 240 slots (0.4x). The weight cannot
  [DE pop]           select at this headroom — raise gen_per_k to ~317 or lower pop_size.
  [DE pop]  top sparsities by allocated slots: k=2→24(47)  k=3→16(46)  k=4→8(44)  k=8→5(35)  k=15→2(27)
  [DE pop]  149 of 240 slots filled from feasible non-improving draws
  [DE pop]  done: f=1.500 (clamped from 1.538)  cr=0.174 (k*=4 of 23)  best candidate Q=2.066933e+03
  [DE reheat 27]  gen=837  Q 2.066946e+03 -> 2.066933e+03  f=1.500 cr=0.174  k*=2/23  better=91 feas=760 of 1380  (carried 0)
  [DE gen= 838 DONE]  Q_best=2.066926e+03 Q_mean=2.068139e+03    feasible=238/240  improved=47  clusters=3  corners=0/23  evals=207840
  [DE gen= 839 DONE]  Q_best=2.066885e+03 Q_mean=2.068064e+03    feasible=240/240  improved=42  clusters=2  corners=0/23  evals=208080
  [DE gen= 840 DONE]  Q_best=2.066885e+03 Q_mean=2.067995e+03    feasible=240/240  improved=33  clusters=2  corners=0/23  evals=208320
  [DE gen= 841 DONE]  Q_best=2.066885e+03 Q_mean=2.067889e+03    feasible=240/240  improved=39  clusters=2  corners=0/23  evals=208560
  [DE gen= 842 DONE]  Q_best=2.066885e+03 Q_mean=2.067805e+03    feasible=240/240  improved=34  clusters=2  corners=0/23  evals=208800
  [DE gen= 843 DONE]  Q_best=2.066885e+03 Q_mean=2.067776e+03    feasible=240/240  improved=39  clusters=2  corners=0/23  evals=209040
  [DE gen= 844 DONE]  Q_best=2.066885e+03 Q_mean=2.067670e+03    feasible=240/240  improved=45  clusters=2  corners=0/23  evals=209280
  [DE gen= 845 DONE]  Q_best=2.066885e+03 Q_mean=2.067602e+03    feasible=240/240  improved=24  clusters=2  corners=0/23  evals=209520
  [DE gen= 846 DONE]  Q_best=2.066885e+03 Q_mean=2.067565e+03    feasible=240/240  improved=34  clusters=2  corners=0/23  evals=209760
  [DE gen= 847 DONE]  Q_best=2.066885e+03 Q_mean=2.067521e+03    feasible=240/240  improved=28  clusters=2  corners=0/23  evals=210000
  [DE gen= 848 DONE]  Q_best=2.066788e+03 Q_mean=2.067487e+03    feasible=240/240  improved=27  clusters=2  corners=0/23  evals=210240
  [DE gen= 849 DONE]  Q_best=2.066788e+03 Q_mean=2.067466e+03    feasible=240/240  improved=29  clusters=2  corners=0/23  evals=210480
  [DE gen= 850 DONE]  Q_best=2.066788e+03 Q_mean=2.067417e+03    feasible=240/240  improved=27  clusters=2  corners=0/23  evals=210720
  [DE gen= 851 DONE]  Q_best=2.066788e+03 Q_mean=2.067407e+03    feasible=240/240  improved=22  clusters=3  corners=0/23  evals=210960
  [DE gen= 852 DONE]  Q_best=2.066788e+03 Q_mean=2.067377e+03    feasible=240/240  improved=25  clusters=4  corners=0/23  evals=211200
  [DE gen= 853 DONE]  Q_best=2.066788e+03 Q_mean=2.067335e+03    feasible=240/240  improved=24  clusters=4  corners=0/23  evals=211440
  [DE gen= 854 DONE]  Q_best=2.066788e+03 Q_mean=2.067329e+03    feasible=240/240  improved=19  clusters=3  corners=0/23  evals=211680
  [DE gen= 855 DONE]  Q_best=2.066788e+03 Q_mean=2.067320e+03    feasible=240/240  improved=17  clusters=5  corners=0/23  evals=211920
  [DE gen= 856 DONE]  Q_best=2.066788e+03 Q_mean=2.067263e+03    feasible=240/240  improved=32  clusters=4  corners=0/23  evals=212160
  [DE gen= 857 DONE]  Q_best=2.066788e+03 Q_mean=2.067250e+03    feasible=240/240  improved=19  clusters=2  corners=0/23  evals=212400
  [DE gen= 858 DONE]  Q_best=2.066788e+03 Q_mean=2.067220e+03    feasible=240/240  improved=13  clusters=2  corners=0/23  evals=212640
  [DE gen= 859 DONE]  Q_best=2.066788e+03 Q_mean=2.067216e+03    feasible=240/240  improved=13  clusters=3  corners=0/23  evals=212880
  [DE gen= 860 DONE]  Q_best=2.066788e+03 Q_mean=2.067209e+03    feasible=240/240  improved=20  clusters=3  corners=0/23  evals=213120
  [DE gen= 861 DONE]  Q_best=2.066788e+03 Q_mean=2.067187e+03    feasible=240/240  improved=20  clusters=3  corners=0/23  evals=213360
  [DE gen= 862 DONE]  Q_best=2.066788e+03 Q_mean=2.067182e+03    feasible=240/240  improved=18  clusters=4  corners=0/23  evals=213600
  [DE gen= 863 DONE]  Q_best=2.066788e+03 Q_mean=2.067180e+03    feasible=240/240  improved=12  clusters=2  corners=0/23  evals=213840
  [DE gen= 864 DONE]  Q_best=2.066788e+03 Q_mean=2.067173e+03    feasible=240/240  improved=18  clusters=2  corners=0/23  evals=214080
  [DE gen= 865 DONE]  Q_best=2.066788e+03 Q_mean=2.067170e+03    feasible=240/240  improved=16  clusters=2  corners=0/23  evals=214320
  [DE gen= 866 DONE]  Q_best=2.066788e+03 Q_mean=2.067167e+03    feasible=240/240  improved=11  clusters=2  corners=0/23  evals=214560
  [DE gen= 867 DONE]  Q_best=2.066788e+03 Q_mean=2.067162e+03    feasible=240/240  improved=12  clusters=2  corners=0/23  evals=214800
  [DE gen= 868 DONE]  Q_best=2.066788e+03 Q_mean=2.067158e+03    feasible=240/240  improved=15  clusters=2  corners=0/23  evals=215040
  [DE gen= 869 DONE]  Q_best=2.066788e+03 Q_mean=2.067157e+03    feasible=240/240  improved=7  clusters=2  corners=0/23  evals=215280
  [DE pop]  starting population generator: 240 slots, 23 free parameters
  [DE pop]  step 1/2 — ΔQ<1 width per parameter: 12 bisections × 2 directions × 23 params = 552 solves
  [DE pop]  widths done in 675s: 23/23 parameters admit a step, median 0.00239, range 4.9e-05–0.015
  [DE pop]  step 2/2 — 60 candidates at each sparsity k = 1:23;  Q_seed=2.066788e+03
  [DE pop]  evaluating 1380 candidates...
  [DE pop]  1380 candidates in 1556s: 822 feasible, 54 better than the seed  (selecting on improvement)
  [DE pop]  WARNING: only 54 improving for 240 slots (0.2x). The weight cannot
  [DE pop]           select at this headroom — raise gen_per_k to ~418 or lower pop_size.
  [DE pop]  top sparsities by allocated slots: k=2→14(47)  k=5→4(39)  k=6→5(38)  k=15→2(31)  k=21→1(30)
  [DE pop]  186 of 240 slots filled from feasible non-improving draws
  [DE pop]  done: f=1.173  cr=0.261 (k*=6 of 23)  best candidate Q=2.066614e+03
  [DE reheat 28]  gen=869  Q 2.066788e+03 -> 2.066614e+03  f=1.173 cr=0.261  k*=2/23  better=54 feas=822 of 1380  (carried 0)
  [DE gen= 870 DONE]  Q_best=2.066614e+03 Q_mean=2.070190e+03    feasible=240/240  improved=57  clusters=2  corners=0/23  evals=215760
  [DE gen= 871 DONE]  Q_best=2.066614e+03 Q_mean=2.069657e+03    feasible=240/240  improved=41  clusters=2  corners=0/23  evals=216000
  [DE gen= 872 DONE]  Q_best=2.066581e+03 Q_mean=2.069391e+03    feasible=240/240  improved=29  clusters=2  corners=0/23  evals=216240
  [DE gen= 873 DONE]  Q_best=2.066566e+03 Q_mean=2.069158e+03    feasible=240/240  improved=45  clusters=2  corners=0/23  evals=216480
  [DE gen= 874 DONE]  Q_best=2.066566e+03 Q_mean=2.068899e+03    feasible=240/240  improved=41  clusters=1  corners=0/23  evals=216720
  [DE gen= 875 DONE]  Q_best=2.066566e+03 Q_mean=2.068770e+03    feasible=240/240  improved=38  clusters=1  corners=0/23  evals=216960
  [DE gen= 876 DONE]  Q_best=2.066511e+03 Q_mean=2.068717e+03    feasible=240/240  improved=33  clusters=1  corners=0/23  evals=217200
  [DE gen= 877 DONE]  Q_best=2.066511e+03 Q_mean=2.068538e+03    feasible=240/240  improved=29  clusters=3  corners=0/23  evals=217440
  [DE gen= 878 DONE]  Q_best=2.066511e+03 Q_mean=2.068363e+03    feasible=240/240  improved=27  clusters=3  corners=0/23  evals=217680
  [DE gen= 879 DONE]  Q_best=2.066511e+03 Q_mean=2.068147e+03    feasible=240/240  improved=29  clusters=2  corners=0/23  evals=217920
  [DE gen= 880 DONE]  Q_best=2.066511e+03 Q_mean=2.068051e+03    feasible=240/240  improved=20  clusters=2  corners=0/23  evals=218160
  [DE gen= 881 DONE]  Q_best=2.066511e+03 Q_mean=2.067903e+03    feasible=240/240  improved=26  clusters=2  corners=0/23  evals=218400
  [DE gen= 882 DONE]  Q_best=2.066511e+03 Q_mean=2.067808e+03    feasible=240/240  improved=19  clusters=2  corners=0/23  evals=218640
  [DE gen= 883 DONE]  Q_best=2.066511e+03 Q_mean=2.067715e+03    feasible=240/240  improved=21  clusters=3  corners=0/23  evals=218880
  [DE gen= 884 DONE]  Q_best=2.066511e+03 Q_mean=2.067657e+03    feasible=240/240  improved=14  clusters=2  corners=0/23  evals=219120
  [DE gen= 885 DONE]  Q_best=2.066511e+03 Q_mean=2.067631e+03    feasible=240/240  improved=21  clusters=3  corners=0/23  evals=219360
  [DE gen= 886 DONE]  Q_best=2.066511e+03 Q_mean=2.067557e+03    feasible=240/240  improved=10  clusters=3  corners=0/23  evals=219600
  [DE gen= 887 DONE]  Q_best=2.066511e+03 Q_mean=2.067448e+03    feasible=240/240  improved=25  clusters=3  corners=0/23  evals=219840
  [DE gen= 888 DONE]  Q_best=2.066425e+03 Q_mean=2.067431e+03    feasible=240/240  improved=14  clusters=3  corners=0/23  evals=220080
  [DE gen= 889 DONE]  Q_best=2.066425e+03 Q_mean=2.067402e+03    feasible=240/240  improved=18  clusters=3  corners=0/23  evals=220320
  [DE gen= 890 DONE]  Q_best=2.066425e+03 Q_mean=2.067382e+03    feasible=240/240  improved=19  clusters=3  corners=0/23  evals=220560
  [DE gen= 891 DONE]  Q_best=2.066425e+03 Q_mean=2.067362e+03    feasible=240/240  improved=16  clusters=3  corners=0/23  evals=220800
  [DE gen= 892 DONE]  Q_best=2.066425e+03 Q_mean=2.067350e+03    feasible=240/240  improved=19  clusters=1  corners=0/23  evals=221040
  [DE gen= 893 DONE]  Q_best=2.066425e+03 Q_mean=2.067288e+03    feasible=240/240  improved=15  clusters=2  corners=0/23  evals=221280
  [DE gen= 894 DONE]  Q_best=2.066425e+03 Q_mean=2.067253e+03    feasible=240/240  improved=16  clusters=2  corners=0/23  evals=221520
  [DE gen= 895 DONE]  Q_best=2.066425e+03 Q_mean=2.067221e+03    feasible=240/240  improved=16  clusters=1  corners=0/23  evals=221760
  [DE gen= 896 DONE]  Q_best=2.066425e+03 Q_mean=2.067202e+03    feasible=240/240  improved=16  clusters=1  corners=0/23  evals=222000
  [DE gen= 897 DONE]  Q_best=2.066425e+03 Q_mean=2.067159e+03    feasible=240/240  improved=24  clusters=1  corners=0/23  evals=222240
  [DE gen= 898 DONE]  Q_best=2.066425e+03 Q_mean=2.067149e+03    feasible=240/240  improved=18  clusters=1  corners=0/23  evals=222480
  [DE gen= 899 DONE]  Q_best=2.066425e+03 Q_mean=2.067126e+03    feasible=240/240  improved=10  clusters=1  corners=0/23  evals=222720
  [DE gen= 900 DONE]  Q_best=2.066425e+03 Q_mean=2.067119e+03    feasible=240/240  improved=11  clusters=1  corners=0/23  evals=222960
  [DE gen= 901 DONE]  Q_best=2.066425e+03 Q_mean=2.067112e+03    feasible=240/240  improved=11  clusters=1  corners=0/23  evals=223200
  [DE gen= 902 DONE]  Q_best=2.066425e+03 Q_mean=2.067090e+03    feasible=240/240  improved=17  clusters=2  corners=0/23  evals=223440
  [DE gen= 903 DONE]  Q_best=2.066425e+03 Q_mean=2.067086e+03    feasible=240/240  improved=9  clusters=2  corners=0/23  evals=223680
  [DE pop]  starting population generator: 240 slots, 23 free parameters
  [DE pop]  step 1/2 — ΔQ<1 width per parameter: 12 bisections × 2 directions × 23 params = 552 solves
  [DE pop]  widths done in 590s: 23/23 parameters admit a step, median 0.00112, range 4.9e-05–0.015
  [DE pop]  step 2/2 — 60 candidates at each sparsity k = 1:23;  Q_seed=2.066425e+03
  [DE pop]  evaluating 1380 candidates...
  [DE pop]  1380 candidates in 1560s: 861 feasible, 12 better than the seed  (selecting on improvement)
  [DE pop]  WARNING: only 12 improving for 240 slots (0.1x). The weight cannot
  [DE pop]           select at this headroom — raise gen_per_k to ~418 or lower pop_size.
  [DE pop]  top sparsities by allocated slots: k=3→1(52)  k=2→2(50)  k=4→1(45)  k=5→1(43)  k=6→3(43)
  [DE pop]  228 of 240 slots filled from feasible non-improving draws
  [DE pop]  done: f=1.500 (clamped from 1.778)  cr=0.217 (k*=5 of 23)  best candidate Q=2.066374e+03
  [DE reheat 29]  gen=903  Q 2.066425e+03 -> 2.066374e+03  f=1.500 cr=0.217  k*=3/23  better=12 feas=861 of 1380  (carried 0)
  [DE gen= 904 DONE]  Q_best=2.066360e+03 Q_mean=2.071174e+03    feasible=239/240  improved=77  clusters=2  corners=0/23  evals=224160
  [DE gen= 905 DONE]  Q_best=2.066360e+03 Q_mean=2.070025e+03    feasible=240/240  improved=60  clusters=2  corners=0/23  evals=224400
  [DE gen= 906 DONE]  Q_best=2.066360e+03 Q_mean=2.069594e+03    feasible=240/240  improved=48  clusters=2  corners=0/23  evals=224640
  [DE gen= 907 DONE]  Q_best=2.066351e+03 Q_mean=2.069357e+03    feasible=240/240  improved=61  clusters=2  corners=0/23  evals=224880
  [DE gen= 908 DONE]  Q_best=2.066330e+03 Q_mean=2.068842e+03    feasible=240/240  improved=50  clusters=2  corners=0/23  evals=225120
  [DE gen= 909 DONE]  Q_best=2.066330e+03 Q_mean=2.068425e+03    feasible=240/240  improved=45  clusters=2  corners=0/23  evals=225360
  [DE gen= 910 DONE]  Q_best=2.066330e+03 Q_mean=2.068162e+03    feasible=240/240  improved=45  clusters=2  corners=0/23  evals=225600
  [DE gen= 911 DONE]  Q_best=2.066330e+03 Q_mean=2.067995e+03    feasible=240/240  improved=23  clusters=2  corners=0/23  evals=225840
  [DE gen= 912 DONE]  Q_best=2.066330e+03 Q_mean=2.067903e+03    feasible=240/240  improved=25  clusters=2  corners=0/23  evals=226080
  [DE gen= 913 DONE]  Q_best=2.066330e+03 Q_mean=2.067786e+03    feasible=240/240  improved=34  clusters=2  corners=0/23  evals=226320
  [DE gen= 914 DONE]  Q_best=2.066330e+03 Q_mean=2.067574e+03    feasible=240/240  improved=28  clusters=2  corners=0/23  evals=226560
  [DE gen= 915 DONE]  Q_best=2.066330e+03 Q_mean=2.067499e+03    feasible=240/240  improved=27  clusters=2  corners=0/23  evals=226800
  [DE gen= 916 DONE]  Q_best=2.066330e+03 Q_mean=2.067449e+03    feasible=240/240  improved=29  clusters=2  corners=0/23  evals=227040
  [DE gen= 917 DONE]  Q_best=2.066330e+03 Q_mean=2.067302e+03    feasible=240/240  improved=29  clusters=2  corners=0/23  evals=227280
  [DE gen= 918 DONE]  Q_best=2.066330e+03 Q_mean=2.067169e+03    feasible=240/240  improved=23  clusters=2  corners=0/23  evals=227520
  [DE gen= 919 DONE]  Q_best=2.066330e+03 Q_mean=2.067144e+03    feasible=240/240  improved=25  clusters=2  corners=0/23  evals=227760
  [DE gen= 920 DONE]  Q_best=2.066330e+03 Q_mean=2.067065e+03    feasible=240/240  improved=22  clusters=2  corners=0/23  evals=228000
  [DE gen= 921 DONE]  Q_best=2.066330e+03 Q_mean=2.067054e+03    feasible=240/240  improved=20  clusters=2  corners=0/23  evals=228240
  [DE gen= 922 DONE]  Q_best=2.066330e+03 Q_mean=2.066955e+03    feasible=240/240  improved=22  clusters=2  corners=0/23  evals=228480
  [DE gen= 923 DONE]  Q_best=2.066330e+03 Q_mean=2.066943e+03    feasible=240/240  improved=24  clusters=2  corners=0/23  evals=228720
  [DE gen= 924 DONE]  Q_best=2.066330e+03 Q_mean=2.066893e+03    feasible=240/240  improved=20  clusters=2  corners=0/23  evals=228960
  [DE gen= 925 DONE]  Q_best=2.066330e+03 Q_mean=2.066858e+03    feasible=240/240  improved=21  clusters=2  corners=0/23  evals=229200
  [DE gen= 926 DONE]  Q_best=2.066330e+03 Q_mean=2.066810e+03    feasible=240/240  improved=23  clusters=1  corners=0/23  evals=229440
  [DE gen= 927 DONE]  Q_best=2.066330e+03 Q_mean=2.066765e+03    feasible=240/240  improved=23  clusters=2  corners=0/23  evals=229680
  [DE gen= 928 DONE]  Q_best=2.066330e+03 Q_mean=2.066730e+03    feasible=240/240  improved=18  clusters=1  corners=0/23  evals=229920
  [DE gen= 929 DONE]  Q_best=2.066330e+03 Q_mean=2.066703e+03    feasible=240/240  improved=20  clusters=2  corners=0/23  evals=230160
  [DE gen= 930 DONE]  Q_best=2.066330e+03 Q_mean=2.066690e+03    feasible=240/240  improved=14  clusters=1  corners=0/23  evals=230400
  [DE gen= 931 DONE]  Q_best=2.066276e+03 Q_mean=2.066680e+03    feasible=240/240  improved=17  clusters=1  corners=0/23  evals=230640
  [DE gen= 932 DONE]  Q_best=2.066276e+03 Q_mean=2.066667e+03    feasible=240/240  improved=13  clusters=2  corners=0/23  evals=230880
  [DE gen= 933 DONE]  Q_best=2.066276e+03 Q_mean=2.066643e+03    feasible=240/240  improved=17  clusters=2  corners=0/23  evals=231120
  [DE gen= 934 DONE]  Q_best=2.066276e+03 Q_mean=2.066617e+03    feasible=240/240  improved=12  clusters=2  corners=0/23  evals=231360
  [DE gen= 935 DONE]  Q_best=2.066276e+03 Q_mean=2.066601e+03    feasible=240/240  improved=14  clusters=2  corners=0/23  evals=231600
  [DE gen= 936 DONE]  Q_best=2.066276e+03 Q_mean=2.066583e+03    feasible=240/240  improved=12  clusters=2  corners=0/23  evals=231840
  [DE gen= 937 DONE]  Q_best=2.066276e+03 Q_mean=2.066578e+03    feasible=240/240  improved=13  clusters=1  corners=0/23  evals=232080
  [DE gen= 938 DONE]  Q_best=2.066276e+03 Q_mean=2.066575e+03    feasible=240/240  improved=15  clusters=2  corners=0/23  evals=232320
  [DE gen= 939 DONE]  Q_best=2.066276e+03 Q_mean=2.066566e+03    feasible=240/240  improved=9  clusters=2  corners=0/23  evals=232560
  [DE pop]  starting population generator: 240 slots, 23 free parameters
  [DE pop]  step 1/2 — ΔQ<1 width per parameter: 12 bisections × 2 directions × 23 params = 552 solves
  [DE pop]  widths done in 822s: 23/23 parameters admit a step, median 0.00117, range 4.9e-05–0.014  (1 kept previous scale)
  [DE pop]  step 2/2 — 60 candidates at each sparsity k = 1:23;  Q_seed=2.066276e+03
  [DE pop]  evaluating 1380 candidates...
  [DE pop]  1380 candidates in 1602s: 847 feasible, 30 better than the seed  (selecting on improvement)
  [DE pop]  WARNING: only 30 improving for 240 slots (0.1x). The weight cannot
  [DE pop]           select at this headroom — raise gen_per_k to ~418 or lower pop_size.
  [DE pop]  top sparsities by allocated slots: k=5→2(41)  k=7→5(40)  k=4→3(39)  k=15→1(36)  k=18→1(36)
  [DE pop]  210 of 240 slots filled from feasible non-improving draws
  [DE pop]  done: f=1.191  cr=0.391 (k*=9 of 23)  best candidate Q=2.066161e+03
  [DE reheat 30]  gen=939  Q 2.066276e+03 -> 2.066161e+03  f=1.191 cr=0.391  k*=5/23  better=30 feas=847 of 1380  (carried 0)
  [DE gen= 940 DONE]  Q_best=2.066161e+03 Q_mean=2.069396e+03    feasible=238/240  improved=46  clusters=1  corners=0/23  evals=233040
  [DE gen= 941 DONE]  Q_best=2.066161e+03 Q_mean=2.068820e+03    feasible=238/240  improved=28  clusters=2  corners=0/23  evals=233280
  [DE gen= 942 DONE]  Q_best=2.066161e+03 Q_mean=2.068454e+03    feasible=240/240  improved=30  clusters=2  corners=0/23  evals=233520
  [DE gen= 943 DONE]  Q_best=2.066161e+03 Q_mean=2.068029e+03    feasible=240/240  improved=35  clusters=2  corners=0/23  evals=233760
  [DE gen= 944 DONE]  Q_best=2.066119e+03 Q_mean=2.067865e+03    feasible=240/240  improved=19  clusters=2  corners=0/23  evals=234000
  [DE gen= 945 DONE]  Q_best=2.066119e+03 Q_mean=2.067545e+03    feasible=240/240  improved=23  clusters=2  corners=0/23  evals=234240
  [DE gen= 946 DONE]  Q_best=2.066119e+03 Q_mean=2.067335e+03    feasible=240/240  improved=26  clusters=2  corners=0/23  evals=234480
  [DE gen= 947 DONE]  Q_best=2.066119e+03 Q_mean=2.067251e+03    feasible=240/240  improved=16  clusters=2  corners=0/23  evals=234720
  [DE gen= 948 DONE]  Q_best=2.066119e+03 Q_mean=2.067153e+03    feasible=240/240  improved=20  clusters=2  corners=0/23  evals=234960
  [DE gen= 949 DONE]  Q_best=2.066119e+03 Q_mean=2.067113e+03    feasible=240/240  improved=19  clusters=2  corners=0/23  evals=235200
  [DE gen= 950 DONE]  Q_best=2.066119e+03 Q_mean=2.067077e+03    feasible=240/240  improved=15  clusters=2  corners=0/23  evals=235440
  [DE gen= 951 DONE]  Q_best=2.066119e+03 Q_mean=2.067022e+03    feasible=240/240  improved=17  clusters=2  corners=0/23  evals=235680
  [DE gen= 952 DONE]  Q_best=2.066119e+03 Q_mean=2.066947e+03    feasible=240/240  improved=19  clusters=2  corners=0/23  evals=235920
  [DE gen= 953 DONE]  Q_best=2.066119e+03 Q_mean=2.066828e+03    feasible=240/240  improved=16  clusters=2  corners=0/23  evals=236160
  [DE gen= 954 DONE]  Q_best=2.066119e+03 Q_mean=2.066772e+03    feasible=240/240  improved=12  clusters=2  corners=0/23  evals=236400
  [DE gen= 955 DONE]  Q_best=2.066119e+03 Q_mean=2.066767e+03    feasible=240/240  improved=12  clusters=2  corners=0/23  evals=236640
  [DE gen= 956 DONE]  Q_best=2.066119e+03 Q_mean=2.066727e+03    feasible=240/240  improved=12  clusters=2  corners=0/23  evals=236880
  [DE gen= 957 DONE]  Q_best=2.066119e+03 Q_mean=2.066713e+03    feasible=240/240  improved=12  clusters=2  corners=0/23  evals=237120
  [DE gen= 958 DONE]  Q_best=2.066119e+03 Q_mean=2.066697e+03    feasible=240/240  improved=21  clusters=2  corners=0/23  evals=237360
  [DE gen= 959 DONE]  Q_best=2.066119e+03 Q_mean=2.066645e+03    feasible=240/240  improved=9  clusters=2  corners=0/23  evals=237600
  [DE pop]  starting population generator: 240 slots, 23 free parameters
  [DE pop]  step 1/2 — ΔQ<1 width per parameter: 12 bisections × 2 directions × 23 params = 552 solves
  [DE pop]  widths done in 685s: 23/23 parameters admit a step, median 0.000977, range 4.9e-05–0.011  (6 kept previous scale)
  [DE pop]  step 2/2 — 60 candidates at each sparsity k = 1:23;  Q_seed=2.066119e+03
  [DE pop]  evaluating 1380 candidates...
  [DE pop]  1380 candidates in 1458s: 928 feasible, 25 better than the seed  (selecting on improvement)
  [DE pop]  WARNING: only 25 improving for 240 slots (0.1x). The weight cannot
  [DE pop]           select at this headroom — raise gen_per_k to ~418 or lower pop_size.
  [DE pop]  top sparsities by allocated slots: k=2→3(50)  k=3→6(48)  k=7→2(47)  k=5→2(43)  k=9→1(41)
  [DE pop]  215 of 240 slots filled from feasible non-improving draws
  [DE pop]  done: f=1.500 (clamped from 1.598)  cr=0.174 (k*=4 of 23)  best candidate Q=2.066086e+03
  [DE reheat 31]  gen=959  Q 2.066119e+03 -> 2.066086e+03  f=1.500 cr=0.174  k*=2/23  better=25 feas=928 of 1380  (carried 0)
  [DE gen= 960 DONE]  Q_best=2.066086e+03 Q_mean=2.071204e+03    feasible=240/240  improved=81  clusters=1  corners=0/23  evals=238080
  [DE gen= 961 DONE]  Q_best=2.066086e+03 Q_mean=2.070397e+03    feasible=240/240  improved=65  clusters=2  corners=0/23  evals=238320
  [DE gen= 962 DONE]  Q_best=2.066086e+03 Q_mean=2.069885e+03    feasible=240/240  improved=54  clusters=2  corners=0/23  evals=238560
  [DE gen= 963 DONE]  Q_best=2.066086e+03 Q_mean=2.069535e+03    feasible=240/240  improved=47  clusters=2  corners=0/23  evals=238800
  [DE gen= 964 DONE]  Q_best=2.066086e+03 Q_mean=2.069123e+03    feasible=240/240  improved=54  clusters=1  corners=0/23  evals=239040
  [DE gen= 965 DONE]  Q_best=2.066086e+03 Q_mean=2.068745e+03    feasible=240/240  improved=40  clusters=1  corners=0/23  evals=239280
  [DE gen= 966 DONE]  Q_best=2.066086e+03 Q_mean=2.068399e+03    feasible=240/240  improved=46  clusters=2  corners=0/23  evals=239520
  [DE gen= 967 DONE]  Q_best=2.066086e+03 Q_mean=2.068253e+03    feasible=240/240  improved=34  clusters=2  corners=0/23  evals=239760
  [DE gen= 968 DONE]  Q_best=2.066086e+03 Q_mean=2.068039e+03    feasible=240/240  improved=37  clusters=2  corners=0/23  evals=240000
  [DE gen= 969 DONE]  Q_best=2.066086e+03 Q_mean=2.067791e+03    feasible=240/240  improved=30  clusters=2  corners=0/23  evals=240240
  [DE gen= 970 DONE]  Q_best=2.066086e+03 Q_mean=2.067685e+03    feasible=240/240  improved=31  clusters=1  corners=0/23  evals=240480
  [DE gen= 971 DONE]  Q_best=2.066086e+03 Q_mean=2.067534e+03    feasible=240/240  improved=33  clusters=1  corners=0/23  evals=240720
  [DE gen= 972 DONE]  Q_best=2.066086e+03 Q_mean=2.067416e+03    feasible=240/240  improved=37  clusters=1  corners=0/23  evals=240960
  [DE gen= 973 DONE]  Q_best=2.066086e+03 Q_mean=2.067336e+03    feasible=240/240  improved=24  clusters=1  corners=0/23  evals=241200
  [DE gen= 974 DONE]  Q_best=2.066086e+03 Q_mean=2.067204e+03    feasible=240/240  improved=30  clusters=1  corners=0/23  evals=241440
  [DE gen= 975 DONE]  Q_best=2.066086e+03 Q_mean=2.067175e+03    feasible=240/240  improved=31  clusters=2  corners=0/23  evals=241680
  [DE gen= 976 DONE]  Q_best=2.066052e+03 Q_mean=2.067069e+03    feasible=240/240  improved=23  clusters=1  corners=0/23  evals=241920
  [DE gen= 977 DONE]  Q_best=2.066052e+03 Q_mean=2.067016e+03    feasible=240/240  improved=18  clusters=1  corners=0/23  evals=242160
  [DE gen= 978 DONE]  Q_best=2.066052e+03 Q_mean=2.066991e+03    feasible=240/240  improved=22  clusters=1  corners=0/23  evals=242400
  [DE gen= 979 DONE]  Q_best=2.066052e+03 Q_mean=2.066979e+03    feasible=240/240  improved=17  clusters=1  corners=0/23  evals=242640
  [DE gen= 980 DONE]  Q_best=2.066052e+03 Q_mean=2.066954e+03    feasible=240/240  improved=14  clusters=2  corners=0/23  evals=242880
  [DE gen= 981 DONE]  Q_best=2.066052e+03 Q_mean=2.066921e+03    feasible=240/240  improved=19  clusters=2  corners=0/23  evals=243120
  [DE gen= 982 DONE]  Q_best=2.066052e+03 Q_mean=2.066900e+03    feasible=240/240  improved=14  clusters=2  corners=0/23  evals=243360
  [DE gen= 983 DONE]  Q_best=2.066052e+03 Q_mean=2.066866e+03    feasible=240/240  improved=17  clusters=2  corners=0/23  evals=243600
  [DE gen= 984 DONE]  Q_best=2.066052e+03 Q_mean=2.066844e+03    feasible=240/240  improved=17  clusters=2  corners=0/23  evals=243840
  [DE gen= 985 DONE]  Q_best=2.066052e+03 Q_mean=2.066831e+03    feasible=240/240  improved=16  clusters=2  corners=0/23  evals=244080
  [DE gen= 986 DONE]  Q_best=2.066052e+03 Q_mean=2.066788e+03    feasible=240/240  improved=16  clusters=2  corners=0/23  evals=244320
  [DE gen= 987 DONE]  Q_best=2.066052e+03 Q_mean=2.066774e+03    feasible=240/240  improved=13  clusters=2  corners=0/23  evals=244560
  [DE gen= 988 DONE]  Q_best=2.066052e+03 Q_mean=2.066764e+03    feasible=240/240  improved=15  clusters=2  corners=0/23  evals=244800
  [DE gen= 989 DONE]  Q_best=2.066052e+03 Q_mean=2.066755e+03    feasible=240/240  improved=21  clusters=2  corners=0/23  evals=245040
  [DE gen= 990 DONE]  Q_best=2.066052e+03 Q_mean=2.066720e+03    feasible=240/240  improved=22  clusters=1  corners=0/23  evals=245280
  [DE gen= 991 DONE]  Q_best=2.066052e+03 Q_mean=2.066707e+03    feasible=240/240  improved=17  clusters=1  corners=0/23  evals=245520
  [DE gen= 992 DONE]  Q_best=2.066052e+03 Q_mean=2.066701e+03    feasible=240/240  improved=12  clusters=2  corners=0/23  evals=245760
  [DE gen= 993 DONE]  Q_best=2.066052e+03 Q_mean=2.066691e+03    feasible=240/240  improved=15  clusters=2  corners=0/23  evals=246000
  [DE gen= 994 DONE]  Q_best=2.066030e+03 Q_mean=2.066680e+03    feasible=240/240  improved=15  clusters=2  corners=0/23  evals=246240
  [DE gen= 995 DONE]  Q_best=2.066030e+03 Q_mean=2.066669e+03    feasible=240/240  improved=16  clusters=2  corners=0/23  evals=246480
  [DE gen= 996 DONE]  Q_best=2.066030e+03 Q_mean=2.066660e+03    feasible=240/240  improved=13  clusters=1  corners=0/23  evals=246720
  [DE gen= 997 DONE]  Q_best=2.066030e+03 Q_mean=2.066652e+03    feasible=240/240  improved=17  clusters=1  corners=0/23  evals=246960
  [DE gen= 998 DONE]  Q_best=2.066030e+03 Q_mean=2.066647e+03    feasible=240/240  improved=15  clusters=1  corners=0/23  evals=247200
  [DE gen= 999 DONE]  Q_best=2.066030e+03 Q_mean=2.066645e+03    feasible=240/240  improved=8  clusters=3  corners=0/23  evals=247440
  [DE gen=1000 DONE]  Q_best=2.066030e+03 Q_mean=2.066639e+03    feasible=240/240  improved=18  clusters=1  corners=0/23  evals=247680
  [DE gen=1001 DONE]  Q_best=2.066030e+03 Q_mean=2.066633e+03    feasible=240/240  improved=15  clusters=1  corners=0/23  evals=247920
  [DE gen=1002 DONE]  Q_best=2.066030e+03 Q_mean=2.066619e+03    feasible=240/240  improved=15  clusters=2  corners=0/23  evals=248160
  [DE gen=1003 DONE]  Q_best=2.066030e+03 Q_mean=2.066609e+03    feasible=240/240  improved=15  clusters=1  corners=0/23  evals=248400
  [DE gen=1004 DONE]  Q_best=2.066030e+03 Q_mean=2.066603e+03    feasible=240/240  improved=12  clusters=1  corners=0/23  evals=248640
  [DE gen=1005 DONE]  Q_best=2.066030e+03 Q_mean=2.066601e+03    feasible=240/240  improved=7  clusters=1  corners=0/23  evals=248880
  [DE pop]  starting population generator: 240 slots, 23 free parameters
  [DE pop]  step 1/2 — ΔQ<1 width per parameter: 12 bisections × 2 directions × 23 params = 552 solves
  [DE pop]  widths done in 683s: 23/23 parameters admit a step, median 0.00112, range 4.9e-05–0.012
  [DE pop]  step 2/2 — 60 candidates at each sparsity k = 1:23;  Q_seed=2.066030e+03
  [DE pop]  evaluating 1380 candidates...
  [DE pop]  1380 candidates in 1927s: 756 feasible, 57 better than the seed  (selecting on improvement)
  [DE pop]  WARNING: only 57 improving for 240 slots (0.2x). The weight cannot
  [DE pop]           select at this headroom — raise gen_per_k to ~418 or lower pop_size.
  [DE pop]  top sparsities by allocated slots: k=1→18(51)  k=2→16(43)  k=3→7(39)  k=7→2(35)  k=9→1(30)
  [DE pop]  183 of 240 slots filled from feasible non-improving draws
  [DE pop]  done: f=1.500 (clamped from 1.630)  cr=0.130 (k*=3 of 23)  best candidate Q=2.065956e+03
  [DE reheat 32]  gen=1005  Q 2.066030e+03 -> 2.065956e+03  f=1.500 cr=0.130  k*=1/23  better=57 feas=756 of 1380  (carried 0)
  [DE gen=1006 DONE]  Q_best=2.065951e+03 Q_mean=2.068359e+03    feasible=240/240  improved=73  clusters=2  corners=0/23  evals=249360
  [DE gen=1007 DONE]  Q_best=2.065951e+03 Q_mean=2.067975e+03    feasible=240/240  improved=54  clusters=2  corners=0/23  evals=249600
  [DE gen=1008 DONE]  Q_best=2.065950e+03 Q_mean=2.067616e+03    feasible=240/240  improved=48  clusters=2  corners=0/23  evals=249840
  [DE gen=1009 DONE]  Q_best=2.065950e+03 Q_mean=2.067506e+03    feasible=240/240  improved=56  clusters=2  corners=0/23  evals=250080
  [DE gen=1010 DONE]  Q_best=2.065950e+03 Q_mean=2.067344e+03    feasible=240/240  improved=44  clusters=2  corners=0/23  evals=250320
  [DE gen=1011 DONE]  Q_best=2.065923e+03 Q_mean=2.067199e+03    feasible=240/240  improved=45  clusters=2  corners=0/23  evals=250560
  [DE gen=1012 DONE]  Q_best=2.065923e+03 Q_mean=2.067101e+03    feasible=240/240  improved=36  clusters=2  corners=0/23  evals=250800
  [DE gen=1013 DONE]  Q_best=2.065923e+03 Q_mean=2.066981e+03    feasible=240/240  improved=40  clusters=2  corners=0/23  evals=251040
  [DE gen=1014 DONE]  Q_best=2.065923e+03 Q_mean=2.066800e+03    feasible=240/240  improved=36  clusters=2  corners=0/23  evals=251280
  [DE gen=1015 DONE]  Q_best=2.065923e+03 Q_mean=2.066777e+03    feasible=240/240  improved=30  clusters=2  corners=0/23  evals=251520
  [DE gen=1016 DONE]  Q_best=2.065923e+03 Q_mean=2.066764e+03    feasible=240/240  improved=37  clusters=2  corners=0/23  evals=251760
  [DE gen=1017 DONE]  Q_best=2.065923e+03 Q_mean=2.066757e+03    feasible=240/240  improved=33  clusters=2  corners=0/23  evals=252000
  [DE gen=1018 DONE]  Q_best=2.065923e+03 Q_mean=2.066722e+03    feasible=240/240  improved=49  clusters=2  corners=0/23  evals=252240
  [DE gen=1019 DONE]  Q_best=2.065923e+03 Q_mean=2.066657e+03    feasible=240/240  improved=24  clusters=2  corners=0/23  evals=252480
  [DE gen=1020 DONE]  Q_best=2.065923e+03 Q_mean=2.066580e+03    feasible=240/240  improved=28  clusters=2  corners=0/23  evals=252720
  [DE gen=1021 DONE]  Q_best=2.065923e+03 Q_mean=2.066546e+03    feasible=240/240  improved=32  clusters=2  corners=0/23  evals=252960
  [DE gen=1022 DONE]  Q_best=2.065923e+03 Q_mean=2.066526e+03    feasible=240/240  improved=21  clusters=2  corners=0/23  evals=253200
  [DE gen=1023 DONE]  Q_best=2.065923e+03 Q_mean=2.066523e+03    feasible=240/240  improved=22  clusters=2  corners=0/23  evals=253440
  [DE gen=1024 DONE]  Q_best=2.065923e+03 Q_mean=2.066512e+03    feasible=240/240  improved=26  clusters=2  corners=0/23  evals=253680
  [DE gen=1025 DONE]  Q_best=2.065923e+03 Q_mean=2.066461e+03    feasible=240/240  improved=22  clusters=2  corners=0/23  evals=253920
  [DE gen=1026 DONE]  Q_best=2.065923e+03 Q_mean=2.066427e+03    feasible=240/240  improved=31  clusters=2  corners=0/23  evals=254160
  [DE gen=1027 DONE]  Q_best=2.065923e+03 Q_mean=2.066424e+03    feasible=240/240  improved=15  clusters=2  corners=0/23  evals=254400
  [DE gen=1028 DONE]  Q_best=2.065923e+03 Q_mean=2.066416e+03    feasible=240/240  improved=23  clusters=2  corners=0/23  evals=254640
  [DE gen=1029 DONE]  Q_best=2.065906e+03 Q_mean=2.066391e+03    feasible=240/240  improved=23  clusters=2  corners=0/23  evals=254880
  [DE gen=1030 DONE]  Q_best=2.065906e+03 Q_mean=2.066377e+03    feasible=240/240  improved=22  clusters=2  corners=0/23  evals=255120
  [DE gen=1031 DONE]  Q_best=2.065906e+03 Q_mean=2.066353e+03    feasible=240/240  improved=26  clusters=2  corners=0/23  evals=255360
  [DE gen=1032 DONE]  Q_best=2.065906e+03 Q_mean=2.066346e+03    feasible=240/240  improved=20  clusters=2  corners=0/23  evals=255600
  [DE gen=1033 DONE]  Q_best=2.065906e+03 Q_mean=2.066343e+03    feasible=240/240  improved=23  clusters=2  corners=0/23  evals=255840
  [DE gen=1034 DONE]  Q_best=2.065906e+03 Q_mean=2.066339e+03    feasible=240/240  improved=18  clusters=2  corners=0/23  evals=256080
  [DE gen=1035 DONE]  Q_best=2.065906e+03 Q_mean=2.066337e+03    feasible=240/240  improved=19  clusters=2  corners=0/23  evals=256320
  [DE gen=1036 DONE]  Q_best=2.065906e+03 Q_mean=2.066332e+03    feasible=240/240  improved=17  clusters=2  corners=0/23  evals=256560
  [DE gen=1037 DONE]  Q_best=2.065906e+03 Q_mean=2.066326e+03    feasible=240/240  improved=26  clusters=1  corners=0/23  evals=256800
  [DE gen=1038 DONE]  Q_best=2.065906e+03 Q_mean=2.066324e+03    feasible=240/240  improved=19  clusters=1  corners=0/23  evals=257040
  [DE gen=1039 DONE]  Q_best=2.065906e+03 Q_mean=2.066314e+03    feasible=240/240  improved=24  clusters=1  corners=0/23  evals=257280
  [DE gen=1040 DONE]  Q_best=2.065901e+03 Q_mean=2.066308e+03    feasible=240/240  improved=16  clusters=1  corners=0/23  evals=257520
  [DE gen=1041 DONE]  Q_best=2.065901e+03 Q_mean=2.066302e+03    feasible=240/240  improved=14  clusters=1  corners=0/23  evals=257760
  [DE gen=1042 DONE]  Q_best=2.065901e+03 Q_mean=2.066298e+03    feasible=240/240  improved=15  clusters=1  corners=0/23  evals=258000
  [DE gen=1043 DONE]  Q_best=2.065901e+03 Q_mean=2.066282e+03    feasible=240/240  improved=14  clusters=1  corners=0/23  evals=258240
  [DE gen=1044 DONE]  Q_best=2.065883e+03 Q_mean=2.066281e+03    feasible=240/240  improved=14  clusters=1  corners=0/23  evals=258480
  [DE gen=1045 DONE]  Q_best=2.065883e+03 Q_mean=2.066272e+03    feasible=240/240  improved=21  clusters=2  corners=0/23  evals=258720
  [DE gen=1046 DONE]  Q_best=2.065883e+03 Q_mean=2.066269e+03    feasible=240/240  improved=21  clusters=2  corners=0/23  evals=258960
  [DE gen=1047 DONE]  Q_best=2.065883e+03 Q_mean=2.066267e+03    feasible=240/240  improved=15  clusters=2  corners=0/23  evals=259200
  [DE gen=1048 DONE]  Q_best=2.065883e+03 Q_mean=2.066266e+03    feasible=240/240  improved=12  clusters=2  corners=0/23  evals=259440
  [DE gen=1049 DONE]  Q_best=2.065883e+03 Q_mean=2.066251e+03    feasible=240/240  improved=15  clusters=2  corners=0/23  evals=259680
  [DE gen=1050 DONE]  Q_best=2.065883e+03 Q_mean=2.066249e+03    feasible=240/240  improved=15  clusters=2  corners=0/23  evals=259920
  [DE gen=1051 DONE]  Q_best=2.065883e+03 Q_mean=2.066246e+03    feasible=240/240  improved=16  clusters=2  corners=0/23  evals=260160
  [DE gen=1052 DONE]  Q_best=2.065883e+03 Q_mean=2.066245e+03    feasible=240/240  improved=9  clusters=2  corners=0/23  evals=260400
  [DE pop]  starting population generator: 240 slots, 23 free parameters
  [DE pop]  step 1/2 — ΔQ<1 width per parameter: 12 bisections × 2 directions × 23 params = 552 solves
  [DE pop]  widths done in 683s: 23/23 parameters admit a step, median 0.00107, range 4.9e-05–0.012  (2 kept previous scale)
  [DE pop]  step 2/2 — 60 candidates at each sparsity k = 1:23;  Q_seed=2.065883e+03
  [DE pop]  evaluating 1380 candidates...
  [DE pop]  1380 candidates in 1578s: 986 feasible, 31 better than the seed  (selecting on improvement)
  [DE pop]  WARNING: only 31 improving for 240 slots (0.1x). The weight cannot
  [DE pop]           select at this headroom — raise gen_per_k to ~418 or lower pop_size.
  [DE pop]  top sparsities by allocated slots: k=2→7(50)  k=3→5(48)  k=6→3(46)  k=5→2(43)  k=12→1(40)
  [DE pop]  209 of 240 slots filled from feasible non-improving draws
  [DE pop]  done: f=1.500 (clamped from 1.528)  cr=0.174 (k*=4 of 23)  best candidate Q=2.065828e+03
  [DE reheat 33]  gen=1052  Q 2.065883e+03 -> 2.065828e+03  f=1.500 cr=0.174  k*=2/23  better=31 feas=986 of 1380  (carried 0)
  [DE gen=1053 DONE]  Q_best=2.065828e+03 Q_mean=2.068473e+03    feasible=240/240  improved=65  clusters=2  corners=0/23  evals=260880
  [DE gen=1054 DONE]  Q_best=2.065828e+03 Q_mean=2.068110e+03    feasible=240/240  improved=68  clusters=2  corners=0/23  evals=261120
  [DE gen=1055 DONE]  Q_best=2.065828e+03 Q_mean=2.067906e+03    feasible=240/240  improved=49  clusters=2  corners=0/23  evals=261360
  [DE gen=1056 DONE]  Q_best=2.065828e+03 Q_mean=2.067586e+03    feasible=240/240  improved=60  clusters=2  corners=0/23  evals=261600
  [DE gen=1057 DONE]  Q_best=2.065828e+03 Q_mean=2.067324e+03    feasible=240/240  improved=50  clusters=2  corners=0/23  evals=261840
  [DE gen=1058 DONE]  Q_best=2.065828e+03 Q_mean=2.067164e+03    feasible=240/240  improved=36  clusters=2  corners=0/23  evals=262080
  [DE gen=1059 DONE]  Q_best=2.065828e+03 Q_mean=2.067029e+03    feasible=240/240  improved=41  clusters=2  corners=0/23  evals=262320
  [DE gen=1060 DONE]  Q_best=2.065828e+03 Q_mean=2.066876e+03    feasible=240/240  improved=40  clusters=2  corners=0/23  evals=262560
  [DE gen=1061 DONE]  Q_best=2.065828e+03 Q_mean=2.066807e+03    feasible=240/240  improved=33  clusters=2  corners=0/23  evals=262800
  [DE gen=1062 DONE]  Q_best=2.065828e+03 Q_mean=2.066743e+03    feasible=240/240  improved=36  clusters=2  corners=0/23  evals=263040
  [DE gen=1063 DONE]  Q_best=2.065828e+03 Q_mean=2.066676e+03    feasible=240/240  improved=35  clusters=2  corners=0/23  evals=263280
  [DE gen=1064 DONE]  Q_best=2.065828e+03 Q_mean=2.066582e+03    feasible=240/240  improved=26  clusters=2  corners=0/23  evals=263520
  [DE gen=1065 DONE]  Q_best=2.065828e+03 Q_mean=2.066543e+03    feasible=240/240  improved=31  clusters=2  corners=0/23  evals=263760
  [DE gen=1066 DONE]  Q_best=2.065825e+03 Q_mean=2.066526e+03    feasible=240/240  improved=24  clusters=2  corners=0/23  evals=264000
  [DE gen=1067 DONE]  Q_best=2.065825e+03 Q_mean=2.066470e+03    feasible=240/240  improved=25  clusters=2  corners=0/23  evals=264240
  [DE gen=1068 DONE]  Q_best=2.065825e+03 Q_mean=2.066439e+03    feasible=240/240  improved=25  clusters=2  corners=0/23  evals=264480
  [DE gen=1069 DONE]  Q_best=2.065825e+03 Q_mean=2.066386e+03    feasible=240/240  improved=29  clusters=2  corners=0/23  evals=264720
  [DE gen=1070 DONE]  Q_best=2.065825e+03 Q_mean=2.066344e+03    feasible=240/240  improved=28  clusters=2  corners=0/23  evals=264960
  [DE gen=1071 DONE]  Q_best=2.065825e+03 Q_mean=2.066335e+03    feasible=240/240  improved=19  clusters=2  corners=0/23  evals=265200
  [DE gen=1072 DONE]  Q_best=2.065825e+03 Q_mean=2.066331e+03    feasible=240/240  improved=19  clusters=2  corners=0/23  evals=265440
  [DE gen=1073 DONE]  Q_best=2.065825e+03 Q_mean=2.066282e+03    feasible=240/240  improved=17  clusters=1  corners=0/23  evals=265680
  [DE gen=1074 DONE]  Q_best=2.065810e+03 Q_mean=2.066266e+03    feasible=240/240  improved=26  clusters=1  corners=0/23  evals=265920
  [DE gen=1075 DONE]  Q_best=2.065810e+03 Q_mean=2.066211e+03    feasible=240/240  improved=20  clusters=1  corners=0/23  evals=266160
  [DE gen=1076 DONE]  Q_best=2.065810e+03 Q_mean=2.066208e+03    feasible=240/240  improved=18  clusters=2  corners=0/23  evals=266400
  [DE gen=1077 DONE]  Q_best=2.065810e+03 Q_mean=2.066187e+03    feasible=240/240  improved=21  clusters=2  corners=0/23  evals=266640
  [DE gen=1078 DONE]  Q_best=2.065810e+03 Q_mean=2.066174e+03    feasible=240/240  improved=19  clusters=2  corners=0/23  evals=266880
  [DE gen=1079 DONE]  Q_best=2.065810e+03 Q_mean=2.066156e+03    feasible=240/240  improved=19  clusters=2  corners=0/23  evals=267120
  [DE gen=1080 DONE]  Q_best=2.065810e+03 Q_mean=2.066151e+03    feasible=240/240  improved=13  clusters=2  corners=0/23  evals=267360
  [DE gen=1081 DONE]  Q_best=2.065810e+03 Q_mean=2.066145e+03    feasible=240/240  improved=17  clusters=2  corners=0/23  evals=267600
  [DE gen=1082 DONE]  Q_best=2.065800e+03 Q_mean=2.066139e+03    feasible=240/240  improved=14  clusters=2  corners=0/23  evals=267840
  [DE gen=1083 DONE]  Q_best=2.065800e+03 Q_mean=2.066136e+03    feasible=240/240  improved=18  clusters=2  corners=0/23  evals=268080
  [DE gen=1084 DONE]  Q_best=2.065800e+03 Q_mean=2.066129e+03    feasible=240/240  improved=17  clusters=2  corners=0/23  evals=268320
  [DE gen=1085 DONE]  Q_best=2.065800e+03 Q_mean=2.066115e+03    feasible=240/240  improved=17  clusters=2  corners=0/23  evals=268560
  [DE gen=1086 DONE]  Q_best=2.065780e+03 Q_mean=2.066114e+03    feasible=240/240  improved=16  clusters=2  corners=0/23  evals=268800
  [DE gen=1087 DONE]  Q_best=2.065780e+03 Q_mean=2.066085e+03    feasible=240/240  improved=17  clusters=2  corners=0/23  evals=269040
  [DE gen=1088 DONE]  Q_best=2.065780e+03 Q_mean=2.066065e+03    feasible=240/240  improved=21  clusters=2  corners=0/23  evals=269280
  [DE gen=1089 DONE]  Q_best=2.065780e+03 Q_mean=2.066061e+03    feasible=240/240  improved=15  clusters=2  corners=0/23  evals=269520
  [DE gen=1090 DONE]  Q_best=2.065780e+03 Q_mean=2.066057e+03    feasible=240/240  improved=17  clusters=2  corners=0/23  evals=269760
  [DE gen=1091 DONE]  Q_best=2.065769e+03 Q_mean=2.066056e+03    feasible=240/240  improved=9  clusters=2  corners=0/23  evals=270000
  [DE gen=1092 DONE]  Q_best=2.065769e+03 Q_mean=2.066053e+03    feasible=240/240  improved=15  clusters=2  corners=0/23  evals=270240
  [DE gen=1093 DONE]  Q_best=2.065769e+03 Q_mean=2.066050e+03    feasible=240/240  improved=14  clusters=2  corners=0/23  evals=270480
  [DE gen=1094 DONE]  Q_best=2.065769e+03 Q_mean=2.066048e+03    feasible=240/240  improved=14  clusters=2  corners=0/23  evals=270720
  [DE gen=1095 DONE]  Q_best=2.065769e+03 Q_mean=2.066045e+03    feasible=240/240  improved=22  clusters=1  corners=0/23  evals=270960
  [DE gen=1096 DONE]  Q_best=2.065769e+03 Q_mean=2.066042e+03    feasible=240/240  improved=15  clusters=1  corners=0/23  evals=271200
  [DE gen=1097 DONE]  Q_best=2.065769e+03 Q_mean=2.066036e+03    feasible=240/240  improved=18  clusters=1  corners=0/23  evals=271440
  [DE gen=1098 DONE]  Q_best=2.065769e+03 Q_mean=2.066035e+03    feasible=240/240  improved=8  clusters=1  corners=0/23  evals=271680
  [DE pop]  starting population generator: 240 slots, 23 free parameters
  [DE pop]  step 1/2 — ΔQ<1 width per parameter: 12 bisections × 2 directions × 23 params = 552 solves
  [DE pop]  widths done in 622s: 23/23 parameters admit a step, median 0.00156, range 4.9e-05–0.013  (1 kept previous scale)
  [DE pop]  step 2/2 — 60 candidates at each sparsity k = 1:23;  Q_seed=2.065769e+03
  [DE pop]  evaluating 1380 candidates...
  [DE pop]  1380 candidates in 1473s: 982 feasible, 20 better than the seed  (selecting on improvement)
  [DE pop]  WARNING: only 20 improving for 240 slots (0.1x). The weight cannot
  [DE pop]           select at this headroom — raise gen_per_k to ~418 or lower pop_size.
  [DE pop]  top sparsities by allocated slots: k=2→7(53)  k=4→2(47)  k=6→1(45)  k=12→1(40)  k=20→1(37)
  [DE pop]  220 of 240 slots filled from feasible non-improving draws
  [DE pop]  done: f=1.289  cr=0.391 (k*=9 of 23)  best candidate Q=2.065716e+03
  [DE reheat 34]  gen=1098  Q 2.065769e+03 -> 2.065716e+03  f=1.289 cr=0.391  k*=2/23  better=20 feas=982 of 1380  (carried 0)
  [DE gen=1099 DONE]  Q_best=2.065716e+03 Q_mean=2.070391e+03    feasible=240/240  improved=68  clusters=2  corners=0/23  evals=272160
  [DE gen=1100 DONE]  Q_best=2.065716e+03 Q_mean=2.069460e+03    feasible=240/240  improved=52  clusters=2  corners=0/23  evals=272400
  [DE gen=1101 DONE]  Q_best=2.065716e+03 Q_mean=2.068715e+03    feasible=240/240  improved=43  clusters=1  corners=0/23  evals=272640
  [DE gen=1102 DONE]  Q_best=2.065716e+03 Q_mean=2.068174e+03    feasible=240/240  improved=41  clusters=2  corners=0/23  evals=272880
  [DE gen=1103 DONE]  Q_best=2.065716e+03 Q_mean=2.067664e+03    feasible=240/240  improved=33  clusters=2  corners=0/23  evals=273120
  [DE gen=1104 DONE]  Q_best=2.065716e+03 Q_mean=2.067410e+03    feasible=240/240  improved=30  clusters=2  corners=0/23  evals=273360
  [DE gen=1105 DONE]  Q_best=2.065716e+03 Q_mean=2.067172e+03    feasible=240/240  improved=28  clusters=2  corners=0/23  evals=273600
  [DE gen=1106 DONE]  Q_best=2.065716e+03 Q_mean=2.067040e+03    feasible=240/240  improved=29  clusters=2  corners=0/23  evals=273840
  [DE gen=1107 DONE]  Q_best=2.065716e+03 Q_mean=2.066871e+03    feasible=240/240  improved=19  clusters=2  corners=0/23  evals=274080
  [DE gen=1108 DONE]  Q_best=2.065716e+03 Q_mean=2.066765e+03    feasible=240/240  improved=18  clusters=2  corners=0/23  evals=274320
  [DE gen=1109 DONE]  Q_best=2.065716e+03 Q_mean=2.066635e+03    feasible=240/240  improved=24  clusters=2  corners=0/23  evals=274560
  [DE gen=1110 DONE]  Q_best=2.065716e+03 Q_mean=2.066580e+03    feasible=240/240  improved=15  clusters=1  corners=0/23  evals=274800
  [DE gen=1111 DONE]  Q_best=2.065716e+03 Q_mean=2.066524e+03    feasible=240/240  improved=20  clusters=1  corners=0/23  evals=275040
  [DE gen=1112 DONE]  Q_best=2.065716e+03 Q_mean=2.066466e+03    feasible=240/240  improved=14  clusters=1  corners=0/23  evals=275280
  [DE gen=1113 DONE]  Q_best=2.065716e+03 Q_mean=2.066402e+03    feasible=240/240  improved=13  clusters=1  corners=0/23  evals=275520
  [DE gen=1114 DONE]  Q_best=2.065716e+03 Q_mean=2.066362e+03    feasible=240/240  improved=10  clusters=2  corners=0/23  evals=275760
  [DE gen=1115 DONE]  Q_best=2.065716e+03 Q_mean=2.066344e+03    feasible=240/240  improved=17  clusters=1  corners=0/23  evals=276000
  [DE gen=1116 DONE]  Q_best=2.065671e+03 Q_mean=2.066313e+03    feasible=240/240  improved=11  clusters=1  corners=0/23  evals=276240
  [DE gen=1117 DONE]  Q_best=2.065671e+03 Q_mean=2.066267e+03    feasible=240/240  improved=10  clusters=1  corners=0/23  evals=276480
  [DE gen=1118 DONE]  Q_best=2.065671e+03 Q_mean=2.066230e+03    feasible=240/240  improved=11  clusters=2  corners=0/23  evals=276720
  [DE gen=1119 DONE]  Q_best=2.065671e+03 Q_mean=2.066212e+03    feasible=240/240  improved=11  clusters=2  corners=0/23  evals=276960
  [DE gen=1120 DONE]  Q_best=2.065671e+03 Q_mean=2.066184e+03    feasible=240/240  improved=10  clusters=2  corners=0/23  evals=277200
  [DE gen=1121 DONE]  Q_best=2.065671e+03 Q_mean=2.066163e+03    feasible=240/240  improved=10  clusters=2  corners=0/23  evals=277440
  [DE gen=1122 DONE]  Q_best=2.065671e+03 Q_mean=2.066146e+03    feasible=240/240  improved=15  clusters=2  corners=0/23  evals=277680
  [DE gen=1123 DONE]  Q_best=2.065671e+03 Q_mean=2.066131e+03    feasible=240/240  improved=13  clusters=2  corners=0/23  evals=277920
  [DE gen=1124 DONE]  Q_best=2.065671e+03 Q_mean=2.066128e+03    feasible=240/240  improved=7  clusters=2  corners=0/23  evals=278160
  [DE pop]  starting population generator: 240 slots, 23 free parameters
  [DE pop]  step 1/2 — ΔQ<1 width per parameter: 12 bisections × 2 directions × 23 params = 552 solves
  [DE pop]  widths done in 765s: 23/23 parameters admit a step, median 0.00176, range 4.9e-05–0.013
  [DE pop]  step 2/2 — 60 candidates at each sparsity k = 1:23;  Q_seed=2.065671e+03
  [DE pop]  evaluating 1380 candidates...
  [DE pop]  1380 candidates in 1948s: 807 feasible, 17 better than the seed  (selecting on improvement)
  [DE pop]  WARNING: only 17 improving for 240 slots (0.1x). The weight cannot
  [DE pop]           select at this headroom — raise gen_per_k to ~418 or lower pop_size.
  [DE pop]  top sparsities by allocated slots: k=6→0(42)  k=5→2(39)  k=3→0(37)  k=1→9(36)  k=4→3(33)
  [DE pop]  223 of 240 slots filled from feasible non-improving draws
  [DE pop]  done: f=1.500 (clamped from 1.717)  cr=0.130 (k*=3 of 23)  best candidate Q=2.065612e+03
  [DE reheat 35]  gen=1124  Q 2.065671e+03 -> 2.065612e+03  f=1.500 cr=0.130  k*=6/23  better=17 feas=807 of 1380  (carried 0)
  [DE gen=1125 DONE]  Q_best=2.065612e+03 Q_mean=2.067521e+03    feasible=240/240  improved=78  clusters=1  corners=0/23  evals=278640
  [DE gen=1126 DONE]  Q_best=2.065612e+03 Q_mean=2.066972e+03    feasible=240/240  improved=72  clusters=1  corners=0/23  evals=278880
  [DE gen=1127 DONE]  Q_best=2.065612e+03 Q_mean=2.066805e+03    feasible=240/240  improved=57  clusters=2  corners=0/23  evals=279120
  [DE gen=1128 DONE]  Q_best=2.065612e+03 Q_mean=2.066476e+03    feasible=240/240  improved=51  clusters=2  corners=0/23  evals=279360
  [DE gen=1129 DONE]  Q_best=2.065612e+03 Q_mean=2.066419e+03    feasible=240/240  improved=46  clusters=1  corners=0/23  evals=279600
  [DE gen=1130 DONE]  Q_best=2.065612e+03 Q_mean=2.066337e+03    feasible=240/240  improved=46  clusters=1  corners=0/23  evals=279840
  [DE gen=1131 DONE]  Q_best=2.065612e+03 Q_mean=2.066284e+03    feasible=240/240  improved=45  clusters=1  corners=0/23  evals=280080
  [DE gen=1132 DONE]  Q_best=2.065612e+03 Q_mean=2.066195e+03    feasible=240/240  improved=35  clusters=1  corners=0/23  evals=280320
  [DE gen=1133 DONE]  Q_best=2.065608e+03 Q_mean=2.066187e+03    feasible=240/240  improved=31  clusters=1  corners=0/23  evals=280560
  [DE gen=1134 DONE]  Q_best=2.065601e+03 Q_mean=2.066180e+03    feasible=240/240  improved=35  clusters=1  corners=0/23  evals=280800
  [DE gen=1135 DONE]  Q_best=2.065601e+03 Q_mean=2.066137e+03    feasible=240/240  improved=32  clusters=1  corners=0/23  evals=281040
  [DE gen=1136 DONE]  Q_best=2.065601e+03 Q_mean=2.066096e+03    feasible=240/240  improved=28  clusters=1  corners=0/23  evals=281280
  [DE gen=1137 DONE]  Q_best=2.065601e+03 Q_mean=2.066049e+03    feasible=240/240  improved=30  clusters=2  corners=0/23  evals=281520
  [DE gen=1138 DONE]  Q_best=2.065601e+03 Q_mean=2.066039e+03    feasible=240/240  improved=39  clusters=2  corners=0/23  evals=281760
  [DE gen=1139 DONE]  Q_best=2.065601e+03 Q_mean=2.066036e+03    feasible=240/240  improved=25  clusters=2  corners=0/23  evals=282000
  [DE gen=1140 DONE]  Q_best=2.065601e+03 Q_mean=2.066012e+03    feasible=240/240  improved=32  clusters=2  corners=0/23  evals=282240
  [DE gen=1141 DONE]  Q_best=2.065601e+03 Q_mean=2.065993e+03    feasible=240/240  improved=26  clusters=2  corners=0/23  evals=282480
  [DE gen=1142 DONE]  Q_best=2.065601e+03 Q_mean=2.065989e+03    feasible=240/240  improved=23  clusters=2  corners=0/23  evals=282720
  [DE gen=1143 DONE]  Q_best=2.065601e+03 Q_mean=2.065988e+03    feasible=240/240  improved=20  clusters=2  corners=0/23  evals=282960
  [DE gen=1144 DONE]  Q_best=2.065601e+03 Q_mean=2.065980e+03    feasible=240/240  improved=27  clusters=2  corners=0/23  evals=283200
  [DE gen=1145 DONE]  Q_best=2.065601e+03 Q_mean=2.065979e+03    feasible=240/240  improved=12  clusters=2  corners=0/23  evals=283440
  [DE gen=1146 DONE]  Q_best=2.065562e+03 Q_mean=2.065976e+03    feasible=240/240  improved=27  clusters=2  corners=0/23  evals=283680
  [DE gen=1147 DONE]  Q_best=2.065562e+03 Q_mean=2.065974e+03    feasible=240/240  improved=17  clusters=3  corners=0/23  evals=283920
  [DE gen=1148 DONE]  Q_best=2.065562e+03 Q_mean=2.065970e+03    feasible=240/240  improved=22  clusters=2  corners=0/23  evals=284160
  [DE gen=1149 DONE]  Q_best=2.065562e+03 Q_mean=2.065968e+03    feasible=240/240  improved=23  clusters=4  corners=0/23  evals=284400
  [DE gen=1150 DONE]  Q_best=2.065562e+03 Q_mean=2.065961e+03    feasible=240/240  improved=28  clusters=2  corners=0/23  evals=284640
  [DE gen=1151 DONE]  Q_best=2.065562e+03 Q_mean=2.065956e+03    feasible=240/240  improved=15  clusters=2  corners=0/23  evals=284880
  [DE gen=1152 DONE]  Q_best=2.065562e+03 Q_mean=2.065955e+03    feasible=240/240  improved=16  clusters=2  corners=0/23  evals=285120
  [DE gen=1153 DONE]  Q_best=2.065562e+03 Q_mean=2.065951e+03    feasible=240/240  improved=21  clusters=2  corners=0/23  evals=285360
  [DE gen=1154 DONE]  Q_best=2.065562e+03 Q_mean=2.065933e+03    feasible=240/240  improved=16  clusters=2  corners=0/23  evals=285600
  [DE gen=1155 DONE]  Q_best=2.065562e+03 Q_mean=2.065931e+03    feasible=240/240  improved=18  clusters=2  corners=0/23  evals=285840
  [DE gen=1156 DONE]  Q_best=2.065562e+03 Q_mean=2.065927e+03    feasible=240/240  improved=21  clusters=3  corners=0/23  evals=286080
  [DE gen=1157 DONE]  Q_best=2.065562e+03 Q_mean=2.065925e+03    feasible=240/240  improved=17  clusters=4  corners=0/23  evals=286320
  [DE gen=1158 DONE]  Q_best=2.065562e+03 Q_mean=2.065922e+03    feasible=240/240  improved=18  clusters=2  corners=0/23  evals=286560
  [DE gen=1159 DONE]  Q_best=2.065562e+03 Q_mean=2.065920e+03    feasible=240/240  improved=17  clusters=2  corners=0/23  evals=286800
  [DE gen=1160 DONE]  Q_best=2.065562e+03 Q_mean=2.065918e+03    feasible=240/240  improved=14  clusters=2  corners=0/23  evals=287040
  [DE gen=1161 DONE]  Q_best=2.065562e+03 Q_mean=2.065916e+03    feasible=240/240  improved=24  clusters=2  corners=0/23  evals=287280
  [DE gen=1162 DONE]  Q_best=2.065562e+03 Q_mean=2.065915e+03    feasible=240/240  improved=13  clusters=2  corners=0/23  evals=287520
  [DE gen=1163 DONE]  Q_best=2.065562e+03 Q_mean=2.065912e+03    feasible=240/240  improved=16  clusters=2  corners=0/23  evals=287760
  [DE gen=1164 DONE]  Q_best=2.065562e+03 Q_mean=2.065910e+03    feasible=240/240  improved=23  clusters=2  corners=0/23  evals=288000
  [DE gen=1165 DONE]  Q_best=2.065562e+03 Q_mean=2.065908e+03    feasible=240/240  improved=14  clusters=4  corners=0/23  evals=288240
  [DE gen=1166 DONE]  Q_best=2.065562e+03 Q_mean=2.065890e+03    feasible=240/240  improved=20  clusters=2  corners=0/23  evals=288480
  [DE gen=1167 DONE]  Q_best=2.065562e+03 Q_mean=2.065888e+03    feasible=240/240  improved=19  clusters=2  corners=0/23  evals=288720
  [DE gen=1168 DONE]  Q_best=2.065562e+03 Q_mean=2.065887e+03    feasible=240/240  improved=12  clusters=2  corners=0/23  evals=288960
  [DE gen=1169 DONE]  Q_best=2.065562e+03 Q_mean=2.065885e+03    feasible=240/240  improved=19  clusters=2  corners=0/23  evals=289200
  [DE gen=1170 DONE]  Q_best=2.065562e+03 Q_mean=2.065884e+03    feasible=240/240  improved=8  clusters=2  corners=0/23  evals=289440
  [DE pop]  starting population generator: 240 slots, 23 free parameters
  [DE pop]  step 1/2 — ΔQ<1 width per parameter: 12 bisections × 2 directions × 23 params = 552 solves
  [DE pop]  widths done in 673s: 23/23 parameters admit a step, median 0.00107, range 4.9e-05–0.014  (2 kept previous scale)
  [DE pop]  step 2/2 — 60 candidates at each sparsity k = 1:23;  Q_seed=2.065562e+03
  [DE pop]  evaluating 1380 candidates...
  [DE pop]  1380 candidates in 1799s: 829 feasible, 6 better than the seed  (selecting on improvement)
  [DE pop]  WARNING: only 6 improving for 240 slots (0.0x). The weight cannot
  [DE pop]           select at this headroom — raise gen_per_k to ~418 or lower pop_size.
  [DE pop]  top sparsities by allocated slots: k=1→4(47)  k=4→0(43)  k=2→0(40)  k=3→2(40)  k=5→0(39)
  [DE pop]  234 of 240 slots filled from feasible non-improving draws
  [DE pop]  done: f=1.500 (clamped from 1.825)  cr=0.087 (k*=2 of 23)  best candidate Q=2.065552e+03
  [DE reheat 36]  gen=1170  Q 2.065562e+03 -> 2.065558e+03  f=1.500 cr=0.087  k*=1/23  better=6 feas=829 of 1380  (carried 0)
  [DE gen=1171 DONE]  Q_best=2.065558e+03 Q_mean=2.070678e+03    feasible=240/240  improved=78  clusters=2  corners=0/23  evals=289920
  [DE gen=1172 DONE]  Q_best=2.065548e+03 Q_mean=2.069624e+03    feasible=240/240  improved=78  clusters=2  corners=0/23  evals=290160
  [DE gen=1173 DONE]  Q_best=2.065548e+03 Q_mean=2.069019e+03    feasible=240/240  improved=71  clusters=2  corners=0/23  evals=290400
  [DE gen=1174 DONE]  Q_best=2.065545e+03 Q_mean=2.068626e+03    feasible=240/240  improved=66  clusters=2  corners=0/23  evals=290640
  [DE gen=1175 DONE]  Q_best=2.065545e+03 Q_mean=2.068107e+03    feasible=240/240  improved=79  clusters=2  corners=0/23  evals=290880
  [DE gen=1176 DONE]  Q_best=2.065545e+03 Q_mean=2.067719e+03    feasible=240/240  improved=58  clusters=2  corners=0/23  evals=291120
  [DE gen=1177 DONE]  Q_best=2.065545e+03 Q_mean=2.067576e+03    feasible=240/240  improved=54  clusters=2  corners=0/23  evals=291360
  [DE gen=1178 DONE]  Q_best=2.065545e+03 Q_mean=2.067451e+03    feasible=240/240  improved=46  clusters=2  corners=0/23  evals=291600
  [DE gen=1179 DONE]  Q_best=2.065545e+03 Q_mean=2.067255e+03    feasible=240/240  improved=36  clusters=2  corners=0/23  evals=291840
  [DE gen=1180 DONE]  Q_best=2.065545e+03 Q_mean=2.067198e+03    feasible=240/240  improved=49  clusters=2  corners=0/23  evals=292080
  [DE gen=1181 DONE]  Q_best=2.065545e+03 Q_mean=2.067058e+03    feasible=240/240  improved=43  clusters=3  corners=0/23  evals=292320
  [DE gen=1182 DONE]  Q_best=2.065545e+03 Q_mean=2.066957e+03    feasible=240/240  improved=47  clusters=2  corners=0/23  evals=292560
  [DE gen=1183 DONE]  Q_best=2.065545e+03 Q_mean=2.066879e+03    feasible=240/240  improved=44  clusters=2  corners=0/23  evals=292800
  [DE gen=1184 DONE]  Q_best=2.065531e+03 Q_mean=2.066745e+03    feasible=240/240  improved=48  clusters=2  corners=0/23  evals=293040
  [DE gen=1185 DONE]  Q_best=2.065531e+03 Q_mean=2.066692e+03    feasible=240/240  improved=38  clusters=2  corners=0/23  evals=293280
  [DE gen=1186 DONE]  Q_best=2.065531e+03 Q_mean=2.066591e+03    feasible=240/240  improved=46  clusters=2  corners=0/23  evals=293520
  [DE gen=1187 DONE]  Q_best=2.065531e+03 Q_mean=2.066584e+03    feasible=240/240  improved=41  clusters=2  corners=0/23  evals=293760
  [DE gen=1188 DONE]  Q_best=2.065516e+03 Q_mean=2.066528e+03    feasible=240/240  improved=34  clusters=2  corners=0/23  evals=294000
  [DE gen=1189 DONE]  Q_best=2.065516e+03 Q_mean=2.066489e+03    feasible=240/240  improved=35  clusters=2  corners=0/23  evals=294240
  [DE gen=1190 DONE]  Q_best=2.065516e+03 Q_mean=2.066448e+03    feasible=240/240  improved=32  clusters=2  corners=0/23  evals=294480
  [DE gen=1191 DONE]  Q_best=2.065516e+03 Q_mean=2.066429e+03    feasible=240/240  improved=27  clusters=2  corners=0/23  evals=294720
  [DE gen=1192 DONE]  Q_best=2.065516e+03 Q_mean=2.066403e+03    feasible=240/240  improved=22  clusters=1  corners=0/23  evals=294960
  [DE gen=1193 DONE]  Q_best=2.065516e+03 Q_mean=2.066347e+03    feasible=240/240  improved=33  clusters=2  corners=0/23  evals=295200
  [DE gen=1194 DONE]  Q_best=2.065516e+03 Q_mean=2.066323e+03    feasible=240/240  improved=32  clusters=2  corners=0/23  evals=295440
  [DE gen=1195 DONE]  Q_best=2.065516e+03 Q_mean=2.066318e+03    feasible=240/240  improved=31  clusters=1  corners=0/23  evals=295680
  [DE gen=1196 DONE]  Q_best=2.065516e+03 Q_mean=2.066293e+03    feasible=240/240  improved=33  clusters=2  corners=0/23  evals=295920
  [DE gen=1197 DONE]  Q_best=2.065516e+03 Q_mean=2.066274e+03    feasible=240/240  improved=38  clusters=2  corners=0/23  evals=296160
  [DE gen=1198 DONE]  Q_best=2.065516e+03 Q_mean=2.066247e+03    feasible=240/240  improved=31  clusters=1  corners=0/23  evals=296400
  [DE gen=1199 DONE]  Q_best=2.065516e+03 Q_mean=2.066208e+03    feasible=240/240  improved=30  clusters=2  corners=0/23  evals=296640
  [DE gen=1200 DONE]  Q_best=2.065516e+03 Q_mean=2.066201e+03    feasible=240/240  improved=22  clusters=1  corners=0/23  evals=296880
  [DE gen=1201 DONE]  Q_best=2.065516e+03 Q_mean=2.066198e+03    feasible=240/240  improved=28  clusters=2  corners=0/23  evals=297120
  [DE gen=1202 DONE]  Q_best=2.065516e+03 Q_mean=2.066179e+03    feasible=240/240  improved=28  clusters=2  corners=0/23  evals=297360
  [DE gen=1203 DONE]  Q_best=2.065516e+03 Q_mean=2.066141e+03    feasible=240/240  improved=36  clusters=2  corners=0/23  evals=297600
  [DE gen=1204 DONE]  Q_best=2.065516e+03 Q_mean=2.066125e+03    feasible=240/240  improved=28  clusters=2  corners=0/23  evals=297840
  [DE gen=1205 DONE]  Q_best=2.065516e+03 Q_mean=2.066123e+03    feasible=240/240  improved=23  clusters=2  corners=0/23  evals=298080
  [DE gen=1206 DONE]  Q_best=2.065516e+03 Q_mean=2.066069e+03    feasible=240/240  improved=34  clusters=2  corners=0/23  evals=298320
  [DE gen=1207 DONE]  Q_best=2.065516e+03 Q_mean=2.066064e+03    feasible=240/240  improved=27  clusters=2  corners=0/23  evals=298560
  [DE gen=1208 DONE]  Q_best=2.065516e+03 Q_mean=2.066042e+03    feasible=240/240  improved=19  clusters=2  corners=0/23  evals=298800
  [DE gen=1209 DONE]  Q_best=2.065500e+03 Q_mean=2.066036e+03    feasible=240/240  improved=24  clusters=2  corners=0/23  evals=299040
  [DE gen=1210 DONE]  Q_best=2.065500e+03 Q_mean=2.066034e+03    feasible=240/240  improved=20  clusters=2  corners=0/23  evals=299280
  [DE gen=1211 DONE]  Q_best=2.065500e+03 Q_mean=2.066031e+03    feasible=240/240  improved=28  clusters=2  corners=0/23  evals=299520
  [DE gen=1212 DONE]  Q_best=2.065500e+03 Q_mean=2.066028e+03    feasible=240/240  improved=17  clusters=2  corners=0/23  evals=299760
  [DE gen=1213 DONE]  Q_best=2.065500e+03 Q_mean=2.066023e+03    feasible=240/240  improved=29  clusters=2  corners=0/23  evals=300000
  [DE gen=1214 DONE]  Q_best=2.065500e+03 Q_mean=2.066018e+03    feasible=240/240  improved=24  clusters=1  corners=0/23  evals=300240
  [DE gen=1215 DONE]  Q_best=2.065500e+03 Q_mean=2.066016e+03    feasible=240/240  improved=19  clusters=1  corners=0/23  evals=300480
  [DE gen=1216 DONE]  Q_best=2.065500e+03 Q_mean=2.066012e+03    feasible=240/240  improved=21  clusters=2  corners=0/23  evals=300720
  [DE gen=1217 DONE]  Q_best=2.065500e+03 Q_mean=2.066010e+03    feasible=240/240  improved=21  clusters=2  corners=0/23  evals=300960
  [DE gen=1218 DONE]  Q_best=2.065494e+03 Q_mean=2.065998e+03    feasible=240/240  improved=33  clusters=2  corners=0/23  evals=301200
  [DE gen=1219 DONE]  Q_best=2.065494e+03 Q_mean=2.065995e+03    feasible=240/240  improved=28  clusters=3  corners=0/23  evals=301440
  [DE gen=1220 DONE]  Q_best=2.065494e+03 Q_mean=2.065989e+03    feasible=240/240  improved=25  clusters=3  corners=0/23  evals=301680
  [DE gen=1221 DONE]  Q_best=2.065494e+03 Q_mean=2.065987e+03    feasible=240/240  improved=20  clusters=2  corners=0/23  evals=301920
  [DE gen=1222 DONE]  Q_best=2.065494e+03 Q_mean=2.065973e+03    feasible=240/240  improved=22  clusters=1  corners=0/23  evals=302160
  [DE gen=1223 DONE]  Q_best=2.065494e+03 Q_mean=2.065971e+03    feasible=240/240  improved=14  clusters=1  corners=0/23  evals=302400
  [DE gen=1224 DONE]  Q_best=2.065494e+03 Q_mean=2.065970e+03    feasible=240/240  improved=20  clusters=1  corners=0/23  evals=302640
  [DE gen=1225 DONE]  Q_best=2.065494e+03 Q_mean=2.065967e+03    feasible=240/240  improved=22  clusters=3  corners=0/23  evals=302880
  [DE gen=1226 DONE]  Q_best=2.065494e+03 Q_mean=2.065965e+03    feasible=240/240  improved=22  clusters=3  corners=0/23  evals=303120
  [DE gen=1227 DONE]  Q_best=2.065494e+03 Q_mean=2.065962e+03    feasible=240/240  improved=19  clusters=3  corners=0/23  evals=303360
  [DE gen=1228 DONE]  Q_best=2.065494e+03 Q_mean=2.065959e+03    feasible=240/240  improved=23  clusters=3  corners=0/23  evals=303600
  [DE gen=1229 DONE]  Q_best=2.065494e+03 Q_mean=2.065957e+03    feasible=240/240  improved=19  clusters=3  corners=0/23  evals=303840
  [DE gen=1230 DONE]  Q_best=2.065494e+03 Q_mean=2.065955e+03    feasible=240/240  improved=15  clusters=3  corners=0/23  evals=304080
  [DE gen=1231 DONE]  Q_best=2.065494e+03 Q_mean=2.065955e+03    feasible=240/240  improved=23  clusters=3  corners=0/23  evals=304320
  [DE gen=1232 DONE]  Q_best=2.065494e+03 Q_mean=2.065952e+03    feasible=240/240  improved=22  clusters=3  corners=0/23  evals=304560
  [DE gen=1233 DONE]  Q_best=2.065494e+03 Q_mean=2.065948e+03    feasible=240/240  improved=25  clusters=3  corners=0/23  evals=304800
  [DE gen=1234 DONE]  Q_best=2.065494e+03 Q_mean=2.065947e+03    feasible=240/240  improved=14  clusters=3  corners=0/23  evals=305040
  [DE gen=1235 DONE]  Q_best=2.065488e+03 Q_mean=2.065943e+03    feasible=240/240  improved=18  clusters=3  corners=0/23  evals=305280
  [DE gen=1236 DONE]  Q_best=2.065488e+03 Q_mean=2.065941e+03    feasible=240/240  improved=19  clusters=2  corners=0/23  evals=305520
  [DE gen=1237 DONE]  Q_best=2.065488e+03 Q_mean=2.065938e+03    feasible=240/240  improved=21  clusters=2  corners=0/23  evals=305760
  [DE gen=1238 DONE]  Q_best=2.065488e+03 Q_mean=2.065936e+03    feasible=240/240  improved=10  clusters=2  corners=0/23  evals=306000
  [DE gen=1239 DONE]  Q_best=2.065488e+03 Q_mean=2.065916e+03    feasible=240/240  improved=12  clusters=2  corners=0/23  evals=306240
  [DE gen=1240 DONE]  Q_best=2.065488e+03 Q_mean=2.065915e+03    feasible=240/240  improved=17  clusters=2  corners=0/23  evals=306480
  [DE gen=1241 DONE]  Q_best=2.065488e+03 Q_mean=2.065912e+03    feasible=240/240  improved=17  clusters=2  corners=0/23  evals=306720
  [DE gen=1242 DONE]  Q_best=2.065488e+03 Q_mean=2.065910e+03    feasible=240/240  improved=11  clusters=2  corners=0/23  evals=306960
  [DE gen=1243 DONE]  Q_best=2.065488e+03 Q_mean=2.065906e+03    feasible=240/240  improved=18  clusters=2  corners=0/23  evals=307200
  [DE gen=1244 DONE]  Q_best=2.065488e+03 Q_mean=2.065903e+03    feasible=240/240  improved=25  clusters=2  corners=0/23  evals=307440
  [DE gen=1245 DONE]  Q_best=2.065488e+03 Q_mean=2.065900e+03    feasible=240/240  improved=15  clusters=2  corners=0/23  evals=307680
  [DE gen=1246 DONE]  Q_best=2.065488e+03 Q_mean=2.065897e+03    feasible=240/240  improved=12  clusters=2  corners=0/23  evals=307920
  [DE gen=1247 DONE]  Q_best=2.065488e+03 Q_mean=2.065895e+03    feasible=240/240  improved=16  clusters=2  corners=0/23  evals=308160
  [DE gen=1248 DONE]  Q_best=2.065488e+03 Q_mean=2.065893e+03    feasible=240/240  improved=23  clusters=2  corners=0/23  evals=308400
  [DE gen=1249 DONE]  Q_best=2.065484e+03 Q_mean=2.065891e+03    feasible=240/240  improved=15  clusters=2  corners=0/23  evals=308640
  [DE gen=1250 DONE]  Q_best=2.065484e+03 Q_mean=2.065889e+03    feasible=240/240  improved=20  clusters=2  corners=0/23  evals=308880
  [DE gen=1251 DONE]  Q_best=2.065484e+03 Q_mean=2.065878e+03    feasible=240/240  improved=19  clusters=2  corners=0/23  evals=309120
  [DE gen=1252 DONE]  Q_best=2.065484e+03 Q_mean=2.065861e+03    feasible=240/240  improved=14  clusters=2  corners=0/23  evals=309360
  [DE gen=1253 DONE]  Q_best=2.065484e+03 Q_mean=2.065859e+03    feasible=240/240  improved=17  clusters=2  corners=0/23  evals=309600
  [DE gen=1254 DONE]  Q_best=2.065484e+03 Q_mean=2.065857e+03    feasible=240/240  improved=19  clusters=2  corners=0/23  evals=309840
  [DE gen=1255 DONE]  Q_best=2.065484e+03 Q_mean=2.065854e+03    feasible=240/240  improved=14  clusters=2  corners=0/23  evals=310080
  [DE gen=1256 DONE]  Q_best=2.065479e+03 Q_mean=2.065852e+03    feasible=240/240  improved=13  clusters=2  corners=0/23  evals=310320
  [DE gen=1257 DONE]  Q_best=2.065479e+03 Q_mean=2.065851e+03    feasible=240/240  improved=13  clusters=2  corners=0/23  evals=310560
  [DE gen=1258 DONE]  Q_best=2.065479e+03 Q_mean=2.065850e+03    feasible=240/240  improved=19  clusters=2  corners=0/23  evals=310800
  [DE gen=1259 DONE]  Q_best=2.065479e+03 Q_mean=2.065847e+03    feasible=240/240  improved=16  clusters=2  corners=0/23  evals=311040
  [DE gen=1260 DONE]  Q_best=2.065467e+03 Q_mean=2.065846e+03    feasible=240/240  improved=19  clusters=2  corners=0/23  evals=311280
  [DE gen=1261 DONE]  Q_best=2.065467e+03 Q_mean=2.065842e+03    feasible=240/240  improved=17  clusters=2  corners=0/23  evals=311520
  [DE gen=1262 DONE]  Q_best=2.065467e+03 Q_mean=2.065836e+03    feasible=240/240  improved=12  clusters=2  corners=0/23  evals=311760
  [DE gen=1263 DONE]  Q_best=2.065467e+03 Q_mean=2.065835e+03    feasible=240/240  improved=15  clusters=2  corners=0/23  evals=312000
  [DE gen=1264 DONE]  Q_best=2.065467e+03 Q_mean=2.065833e+03    feasible=240/240  improved=15  clusters=2  corners=0/23  evals=312240
  [DE gen=1265 DONE]  Q_best=2.065467e+03 Q_mean=2.065832e+03    feasible=240/240  improved=12  clusters=2  corners=0/23  evals=312480
  [DE gen=1266 DONE]  Q_best=2.065467e+03 Q_mean=2.065831e+03    feasible=240/240  improved=11  clusters=2  corners=0/23  evals=312720
  [DE gen=1267 DONE]  Q_best=2.065467e+03 Q_mean=2.065831e+03    feasible=240/240  improved=10  clusters=2  corners=0/23  evals=312960
  [DE gen=1268 DONE]  Q_best=2.065467e+03 Q_mean=2.065829e+03    feasible=240/240  improved=14  clusters=2  corners=0/23  evals=313200
  [DE gen=1269 DONE]  Q_best=2.065467e+03 Q_mean=2.065829e+03    feasible=240/240  improved=11  clusters=2  corners=0/23  evals=313440
  [DE gen=1270 DONE]  Q_best=2.065467e+03 Q_mean=2.065826e+03    feasible=240/240  improved=12  clusters=2  corners=0/23  evals=313680
  [DE gen=1271 DONE]  Q_best=2.065467e+03 Q_mean=2.065826e+03    feasible=240/240  improved=6  clusters=2  corners=0/23  evals=313920
  [DE pop]  starting population generator: 240 slots, 23 free parameters
  [DE pop]  step 1/2 — ΔQ<1 width per parameter: 12 bisections × 2 directions × 23 params = 552 solves
  [DE pop]  widths done in 798s: 23/23 parameters admit a step, median 0.000244, range 4.9e-05–0.015  (8 kept previous scale)
  [DE pop]  step 2/2 — 60 candidates at each sparsity k = 1:23;  Q_seed=2.065467e+03
  [DE pop]  evaluating 1380 candidates...
  [DE pop]  1380 candidates in 1910s: 840 feasible, 18 better than the seed  (selecting on improvement)
  [DE pop]  WARNING: only 18 improving for 240 slots (0.1x). The weight cannot
  [DE pop]           select at this headroom — raise gen_per_k to ~418 or lower pop_size.
  [DE pop]  top sparsities by allocated slots: k=10→1(38)  k=4→1(37)  k=1→9(32)  k=5→0(32)  k=6→0(26)
  [DE pop]  222 of 240 slots filled from feasible non-improving draws
  [DE pop]  done: f=1.492  cr=0.217 (k*=5 of 23)  best candidate Q=2.065428e+03
  [DE reheat 37]  gen=1271  Q 2.065467e+03 -> 2.065428e+03  f=1.492 cr=0.217  k*=10/23  better=18 feas=840 of 1380  (carried 0)
  [DE gen=1272 DONE]  Q_best=2.065406e+03 Q_mean=2.069869e+03    feasible=238/240  improved=59  clusters=2  corners=0/23  evals=314400
  [DE gen=1273 DONE]  Q_best=2.065406e+03 Q_mean=2.068777e+03    feasible=239/240  improved=64  clusters=1  corners=0/23  evals=314640
  [DE gen=1274 DONE]  Q_best=2.065406e+03 Q_mean=2.068085e+03    feasible=240/240  improved=64  clusters=2  corners=0/23  evals=314880
  [DE gen=1275 DONE]  Q_best=2.065406e+03 Q_mean=2.067570e+03    feasible=240/240  improved=44  clusters=1  corners=0/23  evals=315120
  [DE gen=1276 DONE]  Q_best=2.065406e+03 Q_mean=2.067114e+03    feasible=240/240  improved=45  clusters=1  corners=0/23  evals=315360
  [DE gen=1277 DONE]  Q_best=2.065406e+03 Q_mean=2.067075e+03    feasible=240/240  improved=30  clusters=1  corners=0/23  evals=315600
  [DE gen=1278 DONE]  Q_best=2.065406e+03 Q_mean=2.066852e+03    feasible=240/240  improved=26  clusters=1  corners=0/23  evals=315840
  [DE gen=1279 DONE]  Q_best=2.065406e+03 Q_mean=2.066699e+03    feasible=240/240  improved=25  clusters=1  corners=0/23  evals=316080
  [DE gen=1280 DONE]  Q_best=2.065406e+03 Q_mean=2.066562e+03    feasible=240/240  improved=31  clusters=3  corners=0/23  evals=316320
  [DE gen=1281 DONE]  Q_best=2.065406e+03 Q_mean=2.066467e+03    feasible=240/240  improved=32  clusters=2  corners=0/23  evals=316560
  [DE gen=1282 DONE]  Q_best=2.065406e+03 Q_mean=2.066391e+03    feasible=240/240  improved=23  clusters=2  corners=0/23  evals=316800
  [DE gen=1283 DONE]  Q_best=2.065406e+03 Q_mean=2.066307e+03    feasible=240/240  improved=28  clusters=1  corners=0/23  evals=317040
  [DE gen=1284 DONE]  Q_best=2.065402e+03 Q_mean=2.066221e+03    feasible=240/240  improved=16  clusters=2  corners=0/23  evals=317280
  [DE gen=1285 DONE]  Q_best=2.065402e+03 Q_mean=2.066195e+03    feasible=240/240  improved=22  clusters=2  corners=0/23  evals=317520
  [DE gen=1286 DONE]  Q_best=2.065402e+03 Q_mean=2.066177e+03    feasible=240/240  improved=20  clusters=2  corners=0/23  evals=317760
  [DE gen=1287 DONE]  Q_best=2.065402e+03 Q_mean=2.066079e+03    feasible=240/240  improved=20  clusters=2  corners=0/23  evals=318000
  [DE gen=1288 DONE]  Q_best=2.065402e+03 Q_mean=2.066032e+03    feasible=240/240  improved=24  clusters=2  corners=0/23  evals=318240
  [DE gen=1289 DONE]  Q_best=2.065402e+03 Q_mean=2.066011e+03    feasible=240/240  improved=16  clusters=2  corners=0/23  evals=318480
  [DE gen=1290 DONE]  Q_best=2.065402e+03 Q_mean=2.066001e+03    feasible=240/240  improved=15  clusters=2  corners=0/23  evals=318720
  [DE gen=1291 DONE]  Q_best=2.065402e+03 Q_mean=2.065986e+03    feasible=240/240  improved=20  clusters=2  corners=0/23  evals=318960
  [DE gen=1292 DONE]  Q_best=2.065402e+03 Q_mean=2.065975e+03    feasible=240/240  improved=27  clusters=2  corners=0/23  evals=319200
  [DE gen=1293 DONE]  Q_best=2.065402e+03 Q_mean=2.065937e+03    feasible=240/240  improved=23  clusters=2  corners=0/23  evals=319440
  [DE gen=1294 DONE]  Q_best=2.065402e+03 Q_mean=2.065927e+03    feasible=240/240  improved=17  clusters=2  corners=0/23  evals=319680
  [DE gen=1295 DONE]  Q_best=2.065402e+03 Q_mean=2.065920e+03    feasible=240/240  improved=12  clusters=2  corners=0/23  evals=319920
  [DE gen=1296 DONE]  Q_best=2.065402e+03 Q_mean=2.065915e+03    feasible=240/240  improved=20  clusters=2  corners=0/23  evals=320160
  [DE gen=1297 DONE]  Q_best=2.065402e+03 Q_mean=2.065897e+03    feasible=240/240  improved=22  clusters=2  corners=0/23  evals=320400
  [DE gen=1298 DONE]  Q_best=2.065399e+03 Q_mean=2.065879e+03    feasible=240/240  improved=13  clusters=2  corners=0/23  evals=320640
  [DE gen=1299 DONE]  Q_best=2.065364e+03 Q_mean=2.065874e+03    feasible=240/240  improved=22  clusters=2  corners=0/23  evals=320880
  [DE gen=1300 DONE]  Q_best=2.065364e+03 Q_mean=2.065864e+03    feasible=240/240  improved=19  clusters=2  corners=0/23  evals=321120
  [DE gen=1301 DONE]  Q_best=2.065355e+03 Q_mean=2.065839e+03    feasible=240/240  improved=21  clusters=2  corners=0/23  evals=321360
  [DE gen=1302 DONE]  Q_best=2.065355e+03 Q_mean=2.065825e+03    feasible=240/240  improved=17  clusters=2  corners=0/23  evals=321600
  [DE gen=1303 DONE]  Q_best=2.065355e+03 Q_mean=2.065808e+03    feasible=240/240  improved=15  clusters=2  corners=0/23  evals=321840
  [DE gen=1304 DONE]  Q_best=2.065355e+03 Q_mean=2.065771e+03    feasible=240/240  improved=19  clusters=2  corners=0/23  evals=322080
  [DE gen=1305 DONE]  Q_best=2.065355e+03 Q_mean=2.065757e+03    feasible=240/240  improved=14  clusters=2  corners=0/23  evals=322320
  [DE gen=1306 DONE]  Q_best=2.065355e+03 Q_mean=2.065756e+03    feasible=240/240  improved=4  clusters=2  corners=0/23  evals=322560
  [DE gen=1307 DONE]  Q_best=2.065355e+03 Q_mean=2.065748e+03    feasible=240/240  improved=10  clusters=2  corners=0/23  evals=322800
  [DE gen=1308 DONE]  Q_best=2.065355e+03 Q_mean=2.065745e+03    feasible=240/240  improved=15  clusters=2  corners=0/23  evals=323040
  [DE gen=1309 DONE]  Q_best=2.065355e+03 Q_mean=2.065740e+03    feasible=240/240  improved=13  clusters=2  corners=0/23  evals=323280
  [DE gen=1310 DONE]  Q_best=2.065355e+03 Q_mean=2.065727e+03    feasible=240/240  improved=18  clusters=2  corners=0/23  evals=323520
  [DE gen=1311 DONE]  Q_best=2.065355e+03 Q_mean=2.065722e+03    feasible=240/240  improved=16  clusters=2  corners=0/23  evals=323760
  [DE gen=1312 DONE]  Q_best=2.065355e+03 Q_mean=2.065720e+03    feasible=240/240  improved=10  clusters=2  corners=0/23  evals=324000
  [DE gen=1313 DONE]  Q_best=2.065355e+03 Q_mean=2.065703e+03    feasible=240/240  improved=11  clusters=2  corners=0/23  evals=324240
  [DE gen=1314 DONE]  Q_best=2.065340e+03 Q_mean=2.065695e+03    feasible=240/240  improved=16  clusters=2  corners=0/23  evals=324480
  [DE gen=1315 DONE]  Q_best=2.065340e+03 Q_mean=2.065674e+03    feasible=240/240  improved=14  clusters=2  corners=0/23  evals=324720
  [DE gen=1316 DONE]  Q_best=2.065340e+03 Q_mean=2.065673e+03    feasible=240/240  improved=8  clusters=2  corners=0/23  evals=324960
  [DE gen=1317 DONE]  Q_best=2.065340e+03 Q_mean=2.065668e+03    feasible=240/240  improved=17  clusters=2  corners=0/23  evals=325200
  [DE gen=1318 DONE]  Q_best=2.065340e+03 Q_mean=2.065666e+03    feasible=240/240  improved=15  clusters=2  corners=0/23  evals=325440
  [DE gen=1319 DONE]  Q_best=2.065340e+03 Q_mean=2.065664e+03    feasible=240/240  improved=12  clusters=2  corners=0/23  evals=325680
  [DE gen=1320 DONE]  Q_best=2.065340e+03 Q_mean=2.065660e+03    feasible=240/240  improved=14  clusters=2  corners=0/23  evals=325920
  [DE gen=1321 DONE]  Q_best=2.065340e+03 Q_mean=2.065655e+03    feasible=240/240  improved=16  clusters=2  corners=0/23  evals=326160
  [DE gen=1322 DONE]  Q_best=2.065340e+03 Q_mean=2.065651e+03    feasible=240/240  improved=8  clusters=2  corners=0/23  evals=326400
  [DE pop]  starting population generator: 240 slots, 23 free parameters
  [DE pop]  step 1/2 — ΔQ<1 width per parameter: 12 bisections × 2 directions × 23 params = 552 solves
  [DE pop]  widths done in 774s: 23/23 parameters admit a step, median 0.00083, range 4.9e-05–0.013  (1 kept previous scale)
  [DE pop]  step 2/2 — 60 candidates at each sparsity k = 1:23;  Q_seed=2.065340e+03
  [DE pop]  evaluating 1380 candidates...
  [DE pop]  1380 candidates in 2217s: 712 feasible, 23 better than the seed  (selecting on improvement)
  [DE pop]  WARNING: only 23 improving for 240 slots (0.1x). The weight cannot
  [DE pop]           select at this headroom — raise gen_per_k to ~418 or lower pop_size.
  [DE pop]  top sparsities by allocated slots: k=1→11(43)  k=5→1(42)  k=3→3(41)  k=2→4(34)  k=4→3(32)
  [DE pop]  217 of 240 slots filled from feasible non-improving draws
  [DE pop]  done: f=1.500 (clamped from 1.578)  cr=0.130 (k*=3 of 23)  best candidate Q=2.065298e+03
  [DE reheat 38]  gen=1322  Q 2.065340e+03 -> 2.065298e+03  f=1.500 cr=0.130  k*=1/23  better=23 feas=712 of 1380  (carried 0)
  [DE gen=1323 DONE]  Q_best=2.065298e+03 Q_mean=2.067734e+03    feasible=240/240  improved=59  clusters=1  corners=0/23  evals=326880
  [DE gen=1324 DONE]  Q_best=2.065298e+03 Q_mean=2.067447e+03    feasible=240/240  improved=45  clusters=1  corners=0/23  evals=327120
  [DE gen=1325 DONE]  Q_best=2.065298e+03 Q_mean=2.066920e+03    feasible=240/240  improved=48  clusters=2  corners=0/23  evals=327360
  [DE gen=1326 DONE]  Q_best=2.065298e+03 Q_mean=2.066691e+03    feasible=240/240  improved=45  clusters=1  corners=0/23  evals=327600
  [DE gen=1327 DONE]  Q_best=2.065298e+03 Q_mean=2.066498e+03    feasible=240/240  improved=39  clusters=1  corners=0/23  evals=327840
  [DE gen=1328 DONE]  Q_best=2.065298e+03 Q_mean=2.066245e+03    feasible=240/240  improved=44  clusters=1  corners=0/23  evals=328080
  [DE gen=1329 DONE]  Q_best=2.065298e+03 Q_mean=2.066150e+03    feasible=240/240  improved=39  clusters=1  corners=0/23  evals=328320
  [DE gen=1330 DONE]  Q_best=2.065298e+03 Q_mean=2.065991e+03    feasible=240/240  improved=43  clusters=2  corners=0/23  evals=328560
  [DE gen=1331 DONE]  Q_best=2.065261e+03 Q_mean=2.065919e+03    feasible=240/240  improved=38  clusters=2  corners=0/23  evals=328800
  [DE gen=1332 DONE]  Q_best=2.065261e+03 Q_mean=2.065868e+03    feasible=240/240  improved=26  clusters=2  corners=0/23  evals=329040
  [DE gen=1333 DONE]  Q_best=2.065261e+03 Q_mean=2.065784e+03    feasible=240/240  improved=35  clusters=2  corners=0/23  evals=329280
  [DE gen=1334 DONE]  Q_best=2.065261e+03 Q_mean=2.065779e+03    feasible=240/240  improved=28  clusters=2  corners=0/23  evals=329520
  [DE gen=1335 DONE]  Q_best=2.065261e+03 Q_mean=2.065722e+03    feasible=240/240  improved=37  clusters=1  corners=0/23  evals=329760
  [DE gen=1336 DONE]  Q_best=2.065261e+03 Q_mean=2.065710e+03    feasible=240/240  improved=35  clusters=2  corners=0/23  evals=330000
  [DE gen=1337 DONE]  Q_best=2.065261e+03 Q_mean=2.065709e+03    feasible=240/240  improved=23  clusters=2  corners=0/23  evals=330240
  [DE gen=1338 DONE]  Q_best=2.065240e+03 Q_mean=2.065705e+03    feasible=240/240  improved=24  clusters=1  corners=0/23  evals=330480
  [DE gen=1339 DONE]  Q_best=2.065237e+03 Q_mean=2.065702e+03    feasible=240/240  improved=36  clusters=1  corners=0/23  evals=330720
  [DE gen=1340 DONE]  Q_best=2.065237e+03 Q_mean=2.065683e+03    feasible=240/240  improved=20  clusters=1  corners=0/23  evals=330960
  [DE gen=1341 DONE]  Q_best=2.065237e+03 Q_mean=2.065679e+03    feasible=240/240  improved=24  clusters=2  corners=0/23  evals=331200
  [DE gen=1342 DONE]  Q_best=2.065237e+03 Q_mean=2.065676e+03    feasible=240/240  improved=22  clusters=2  corners=0/23  evals=331440
  [DE gen=1343 DONE]  Q_best=2.065237e+03 Q_mean=2.065673e+03    feasible=240/240  improved=28  clusters=2  corners=0/23  evals=331680
  [DE gen=1344 DONE]  Q_best=2.065237e+03 Q_mean=2.065671e+03    feasible=240/240  improved=25  clusters=2  corners=0/23  evals=331920
  [DE gen=1345 DONE]  Q_best=2.065237e+03 Q_mean=2.065665e+03    feasible=240/240  improved=31  clusters=2  corners=0/23  evals=332160
  [DE gen=1346 DONE]  Q_best=2.065237e+03 Q_mean=2.065661e+03    feasible=240/240  improved=40  clusters=1  corners=0/23  evals=332400
  [DE gen=1347 DONE]  Q_best=2.065237e+03 Q_mean=2.065658e+03    feasible=240/240  improved=25  clusters=2  corners=0/23  evals=332640
  [DE gen=1348 DONE]  Q_best=2.065237e+03 Q_mean=2.065656e+03    feasible=240/240  improved=17  clusters=2  corners=0/23  evals=332880
  [DE gen=1349 DONE]  Q_best=2.065237e+03 Q_mean=2.065654e+03    feasible=240/240  improved=20  clusters=3  corners=0/23  evals=333120
  [DE gen=1350 DONE]  Q_best=2.065237e+03 Q_mean=2.065650e+03    feasible=240/240  improved=21  clusters=3  corners=0/23  evals=333360
  [DE gen=1351 DONE]  Q_best=2.065237e+03 Q_mean=2.065641e+03    feasible=240/240  improved=19  clusters=3  corners=0/23  evals=333600
  [DE gen=1352 DONE]  Q_best=2.065237e+03 Q_mean=2.065639e+03    feasible=240/240  improved=21  clusters=3  corners=0/23  evals=333840
  [DE gen=1353 DONE]  Q_best=2.065237e+03 Q_mean=2.065599e+03    feasible=240/240  improved=12  clusters=3  corners=0/23  evals=334080
  [DE gen=1354 DONE]  Q_best=2.065237e+03 Q_mean=2.065596e+03    feasible=240/240  improved=16  clusters=3  corners=0/23  evals=334320
  [DE gen=1355 DONE]  Q_best=2.065237e+03 Q_mean=2.065595e+03    feasible=240/240  improved=15  clusters=3  corners=0/23  evals=334560
  [DE gen=1356 DONE]  Q_best=2.065154e+03 Q_mean=2.065592e+03    feasible=240/240  improved=20  clusters=3  corners=0/23  evals=334800
  [DE gen=1357 DONE]  Q_best=2.065154e+03 Q_mean=2.065591e+03    feasible=240/240  improved=18  clusters=3  corners=0/23  evals=335040
  [DE gen=1358 DONE]  Q_best=2.065154e+03 Q_mean=2.065590e+03    feasible=240/240  improved=17  clusters=3  corners=0/23  evals=335280
  [DE gen=1359 DONE]  Q_best=2.065154e+03 Q_mean=2.065589e+03    feasible=240/240  improved=11  clusters=3  corners=0/23  evals=335520
  [DE gen=1360 DONE]  Q_best=2.065154e+03 Q_mean=2.065586e+03    feasible=240/240  improved=24  clusters=3  corners=0/23  evals=335760
  [DE gen=1361 DONE]  Q_best=2.065154e+03 Q_mean=2.065584e+03    feasible=240/240  improved=19  clusters=2  corners=0/23  evals=336000
  [DE gen=1362 DONE]  Q_best=2.065154e+03 Q_mean=2.065582e+03    feasible=240/240  improved=17  clusters=2  corners=0/23  evals=336240
  [DE gen=1363 DONE]  Q_best=2.065154e+03 Q_mean=2.065581e+03    feasible=240/240  improved=23  clusters=2  corners=0/23  evals=336480
  [DE gen=1364 DONE]  Q_best=2.065154e+03 Q_mean=2.065580e+03    feasible=240/240  improved=16  clusters=2  corners=0/23  evals=336720
  [DE gen=1365 DONE]  Q_best=2.065154e+03 Q_mean=2.065578e+03    feasible=240/240  improved=14  clusters=2  corners=0/23  evals=336960
  [DE gen=1366 DONE]  Q_best=2.065154e+03 Q_mean=2.065576e+03    feasible=240/240  improved=20  clusters=2  corners=0/23  evals=337200
  [DE gen=1367 DONE]  Q_best=2.065154e+03 Q_mean=2.065557e+03    feasible=240/240  improved=26  clusters=2  corners=0/23  evals=337440
  [DE gen=1368 DONE]  Q_best=2.065154e+03 Q_mean=2.065556e+03    feasible=240/240  improved=11  clusters=2  corners=0/23  evals=337680
  [DE gen=1369 DONE]  Q_best=2.065154e+03 Q_mean=2.065554e+03    feasible=240/240  improved=14  clusters=2  corners=0/23  evals=337920
  [DE gen=1370 DONE]  Q_best=2.065154e+03 Q_mean=2.065553e+03    feasible=240/240  improved=22  clusters=3  corners=0/23  evals=338160
  [DE gen=1371 DONE]  Q_best=2.065154e+03 Q_mean=2.065550e+03    feasible=240/240  improved=22  clusters=2  corners=0/23  evals=338400
  [DE gen=1372 DONE]  Q_best=2.065154e+03 Q_mean=2.065548e+03    feasible=240/240  improved=16  clusters=2  corners=0/23  evals=338640
  [DE gen=1373 DONE]  Q_best=2.065154e+03 Q_mean=2.065547e+03    feasible=240/240  improved=15  clusters=2  corners=0/23  evals=338880
  [DE gen=1374 DONE]  Q_best=2.065154e+03 Q_mean=2.065546e+03    feasible=240/240  improved=14  clusters=2  corners=0/23  evals=339120
  [DE gen=1375 DONE]  Q_best=2.065154e+03 Q_mean=2.065545e+03    feasible=240/240  improved=12  clusters=2  corners=0/23  evals=339360
  [DE gen=1376 DONE]  Q_best=2.065154e+03 Q_mean=2.065543e+03    feasible=240/240  improved=17  clusters=2  corners=0/23  evals=339600
  [DE gen=1377 DONE]  Q_best=2.065154e+03 Q_mean=2.065542e+03    feasible=240/240  improved=11  clusters=2  corners=0/23  evals=339840
  [DE gen=1378 DONE]  Q_best=2.065154e+03 Q_mean=2.065541e+03    feasible=240/240  improved=14  clusters=2  corners=0/23  evals=340080
  [DE gen=1379 DONE]  Q_best=2.065154e+03 Q_mean=2.065541e+03    feasible=240/240  improved=8  clusters=3  corners=0/23  evals=340320
  [DE pop]  starting population generator: 240 slots, 23 free parameters
  [DE pop]  step 1/2 — ΔQ<1 width per parameter: 12 bisections × 2 directions × 23 params = 552 solves
  [DE pop]  widths done in 684s: 23/23 parameters admit a step, median 0.00161, range 4.9e-05–0.013
  [DE pop]  step 2/2 — 60 candidates at each sparsity k = 1:23;  Q_seed=2.065154e+03
  [DE pop]  evaluating 1380 candidates...
  [DE pop]  1380 candidates in 1982s: 719 feasible, 10 better than the seed  (selecting on improvement)
  [DE pop]  WARNING: only 10 improving for 240 slots (0.0x). The weight cannot
  [DE pop]           select at this headroom — raise gen_per_k to ~418 or lower pop_size.
  [DE pop]  top sparsities by allocated slots: k=5→0(34)  k=1→4(33)  k=3→3(33)  k=7→0(31)  k=4→1(29)
  [DE pop]  230 of 240 slots filled from feasible non-improving draws
  [DE pop]  done: f=1.500 (clamped from 1.524)  cr=0.304 (k*=7 of 23)  best candidate Q=2.065078e+03
  [DE reheat 39]  gen=1379  Q 2.065154e+03 -> 2.065078e+03  f=1.500 cr=0.304  k*=5/23  better=10 feas=719 of 1380  (carried 0)
  [DE gen=1380 DONE]  Q_best=2.065078e+03 Q_mean=2.066465e+03    feasible=240/240  improved=41  clusters=4  corners=0/23  evals=340800
  [DE gen=1381 DONE]  Q_best=2.065078e+03 Q_mean=2.066298e+03    feasible=240/240  improved=39  clusters=2  corners=0/23  evals=341040
  [DE gen=1382 DONE]  Q_best=2.065078e+03 Q_mean=2.066073e+03    feasible=240/240  improved=30  clusters=2  corners=0/23  evals=341280
  [DE gen=1383 DONE]  Q_best=2.065078e+03 Q_mean=2.065935e+03    feasible=240/240  improved=33  clusters=2  corners=0/23  evals=341520
  [DE gen=1384 DONE]  Q_best=2.065078e+03 Q_mean=2.065907e+03    feasible=240/240  improved=23  clusters=2  corners=0/23  evals=341760
  [DE gen=1385 DONE]  Q_best=2.065078e+03 Q_mean=2.065826e+03    feasible=240/240  improved=24  clusters=2  corners=0/23  evals=342000
  [DE gen=1386 DONE]  Q_best=2.065078e+03 Q_mean=2.065772e+03    feasible=240/240  improved=18  clusters=2  corners=0/23  evals=342240
  [DE gen=1387 DONE]  Q_best=2.065078e+03 Q_mean=2.065634e+03    feasible=240/240  improved=32  clusters=2  corners=0/23  evals=342480
  [DE gen=1388 DONE]  Q_best=2.065078e+03 Q_mean=2.065566e+03    feasible=240/240  improved=18  clusters=3  corners=0/23  evals=342720
  [DE gen=1389 DONE]  Q_best=2.065078e+03 Q_mean=2.065549e+03    feasible=240/240  improved=16  clusters=2  corners=0/23  evals=342960
  [DE gen=1390 DONE]  Q_best=2.065070e+03 Q_mean=2.065538e+03    feasible=240/240  improved=26  clusters=2  corners=0/23  evals=343200
  [DE gen=1391 DONE]  Q_best=2.065070e+03 Q_mean=2.065489e+03    feasible=240/240  improved=19  clusters=2  corners=0/23  evals=343440
  [DE gen=1392 DONE]  Q_best=2.065070e+03 Q_mean=2.065473e+03    feasible=240/240  improved=18  clusters=2  corners=0/23  evals=343680
  [DE gen=1393 DONE]  Q_best=2.065070e+03 Q_mean=2.065461e+03    feasible=240/240  improved=19  clusters=2  corners=0/23  evals=343920
  [DE gen=1394 DONE]  Q_best=2.065070e+03 Q_mean=2.065415e+03    feasible=240/240  improved=12  clusters=2  corners=0/23  evals=344160
  [DE gen=1395 DONE]  Q_best=2.065070e+03 Q_mean=2.065400e+03    feasible=240/240  improved=24  clusters=2  corners=0/23  evals=344400
  [DE gen=1396 DONE]  Q_best=2.065070e+03 Q_mean=2.065397e+03    feasible=240/240  improved=15  clusters=1  corners=0/23  evals=344640
  [DE gen=1397 DONE]  Q_best=2.065070e+03 Q_mean=2.065391e+03    feasible=240/240  improved=19  clusters=2  corners=0/23  evals=344880
  [DE gen=1398 DONE]  Q_best=2.064979e+03 Q_mean=2.065368e+03    feasible=240/240  improved=18  clusters=3  corners=0/23  evals=345120
  [DE gen=1399 DONE]  Q_best=2.064979e+03 Q_mean=2.065347e+03    feasible=240/240  improved=13  clusters=3  corners=0/23  evals=345360
  [DE gen=1400 DONE]  Q_best=2.064979e+03 Q_mean=2.065345e+03    feasible=240/240  improved=11  clusters=2  corners=0/23  evals=345600
  [DE gen=1401 DONE]  Q_best=2.064979e+03 Q_mean=2.065341e+03    feasible=240/240  improved=10  clusters=2  corners=0/23  evals=345840
  [DE gen=1402 DONE]  Q_best=2.064979e+03 Q_mean=2.065338e+03    feasible=240/240  improved=10  clusters=2  corners=0/23  evals=346080
  [DE gen=1403 DONE]  Q_best=2.064979e+03 Q_mean=2.065333e+03    feasible=240/240  improved=15  clusters=2  corners=0/23  evals=346320
  [DE gen=1404 DONE]  Q_best=2.064979e+03 Q_mean=2.065329e+03    feasible=240/240  improved=10  clusters=2  corners=0/23  evals=346560
  [DE gen=1405 DONE]  Q_best=2.064979e+03 Q_mean=2.065323e+03    feasible=240/240  improved=9  clusters=2  corners=0/23  evals=346800
  [DE pop]  starting population generator: 240 slots, 23 free parameters
  [DE pop]  step 1/2 — ΔQ<1 width per parameter: 12 bisections × 2 directions × 23 params = 552 solves
  [DE pop]  widths done in 732s: 23/23 parameters admit a step, median 0.00112, range 4.9e-05–0.012  (2 kept previous scale)
  [DE pop]  step 2/2 — 60 candidates at each sparsity k = 1:23;  Q_seed=2.064979e+03
  [DE pop]  evaluating 1380 candidates...
  [DE pop]  1380 candidates in 1762s: 811 feasible, 56 better than the seed  (selecting on improvement)
  [DE pop]  WARNING: only 56 improving for 240 slots (0.2x). The weight cannot
  [DE pop]           select at this headroom — raise gen_per_k to ~418 or lower pop_size.
  [DE pop]  top sparsities by allocated slots: k=12→1(44)  k=1→24(42)  k=7→3(36)  k=3→10(35)  k=6→2(34)
  [DE pop]  184 of 240 slots filled from feasible non-improving draws
  [DE pop]  done: f=1.346  cr=0.174 (k*=4 of 23)  best candidate Q=2.064898e+03
  [DE reheat 40]  gen=1405  Q 2.064979e+03 -> 2.064898e+03  f=1.346 cr=0.174  k*=12/23  better=56 feas=811 of 1380  (carried 0)
  [DE gen=1406 DONE]  Q_best=2.064898e+03 Q_mean=2.067476e+03    feasible=240/240  improved=51  clusters=2  corners=0/23  evals=347280
  [DE gen=1407 DONE]  Q_best=2.064892e+03 Q_mean=2.067055e+03    feasible=240/240  improved=66  clusters=2  corners=0/23  evals=347520
  [DE gen=1408 DONE]  Q_best=2.064892e+03 Q_mean=2.066808e+03    feasible=240/240  improved=55  clusters=2  corners=0/23  evals=347760
  [DE gen=1409 DONE]  Q_best=2.064881e+03 Q_mean=2.066484e+03    feasible=240/240  improved=57  clusters=2  corners=0/23  evals=348000
  [DE gen=1410 DONE]  Q_best=2.064881e+03 Q_mean=2.066356e+03    feasible=240/240  improved=30  clusters=2  corners=0/23  evals=348240
  [DE gen=1411 DONE]  Q_best=2.064881e+03 Q_mean=2.066233e+03    feasible=240/240  improved=28  clusters=2  corners=0/23  evals=348480
  [DE gen=1412 DONE]  Q_best=2.064881e+03 Q_mean=2.066090e+03    feasible=240/240  improved=41  clusters=2  corners=0/23  evals=348720
  [DE gen=1413 DONE]  Q_best=2.064881e+03 Q_mean=2.065982e+03    feasible=240/240  improved=33  clusters=2  corners=0/23  evals=348960
  [DE gen=1414 DONE]  Q_best=2.064881e+03 Q_mean=2.065912e+03    feasible=240/240  improved=25  clusters=1  corners=0/23  evals=349200
  [DE gen=1415 DONE]  Q_best=2.064881e+03 Q_mean=2.065856e+03    feasible=240/240  improved=24  clusters=1  corners=0/23  evals=349440
  [DE gen=1416 DONE]  Q_best=2.064881e+03 Q_mean=2.065833e+03    feasible=240/240  improved=28  clusters=1  corners=0/23  evals=349680
  [DE gen=1417 DONE]  Q_best=2.064881e+03 Q_mean=2.065748e+03    feasible=240/240  improved=29  clusters=1  corners=0/23  evals=349920
  [DE gen=1418 DONE]  Q_best=2.064881e+03 Q_mean=2.065658e+03    feasible=240/240  improved=27  clusters=1  corners=0/23  evals=350160
  [DE gen=1419 DONE]  Q_best=2.064881e+03 Q_mean=2.065631e+03    feasible=240/240  improved=31  clusters=2  corners=0/23  evals=350400
  [DE gen=1420 DONE]  Q_best=2.064881e+03 Q_mean=2.065618e+03    feasible=240/240  improved=28  clusters=2  corners=0/23  evals=350640
  [DE gen=1421 DONE]  Q_best=2.064881e+03 Q_mean=2.065608e+03    feasible=240/240  improved=21  clusters=2  corners=0/23  evals=350880
  [DE gen=1422 DONE]  Q_best=2.064864e+03 Q_mean=2.065575e+03    feasible=240/240  improved=28  clusters=2  corners=0/23  evals=351120
  [DE gen=1423 DONE]  Q_best=2.064864e+03 Q_mean=2.065513e+03    feasible=240/240  improved=28  clusters=2  corners=0/23  evals=351360
  [DE gen=1424 DONE]  Q_best=2.064864e+03 Q_mean=2.065477e+03    feasible=240/240  improved=17  clusters=2  corners=0/23  evals=351600
  [DE gen=1425 DONE]  Q_best=2.064854e+03 Q_mean=2.065467e+03    feasible=240/240  improved=22  clusters=2  corners=0/23  evals=351840
  [DE gen=1426 DONE]  Q_best=2.064854e+03 Q_mean=2.065411e+03    feasible=240/240  improved=22  clusters=2  corners=0/23  evals=352080
  [DE gen=1427 DONE]  Q_best=2.064816e+03 Q_mean=2.065366e+03    feasible=240/240  improved=19  clusters=2  corners=0/23  evals=352320
  [DE gen=1428 DONE]  Q_best=2.064816e+03 Q_mean=2.065352e+03    feasible=240/240  improved=23  clusters=2  corners=0/23  evals=352560
  [DE gen=1429 DONE]  Q_best=2.064816e+03 Q_mean=2.065307e+03    feasible=240/240  improved=21  clusters=2  corners=0/23  evals=352800
  [DE gen=1430 DONE]  Q_best=2.064816e+03 Q_mean=2.065291e+03    feasible=240/240  improved=28  clusters=2  corners=0/23  evals=353040
  [DE gen=1431 DONE]  Q_best=2.064816e+03 Q_mean=2.065280e+03    feasible=240/240  improved=25  clusters=2  corners=0/23  evals=353280
  [DE gen=1432 DONE]  Q_best=2.064816e+03 Q_mean=2.065274e+03    feasible=240/240  improved=25  clusters=2  corners=0/23  evals=353520
  [DE gen=1433 DONE]  Q_best=2.064816e+03 Q_mean=2.065264e+03    feasible=240/240  improved=22  clusters=2  corners=0/23  evals=353760
  [DE gen=1434 DONE]  Q_best=2.064816e+03 Q_mean=2.065253e+03    feasible=240/240  improved=19  clusters=2  corners=0/23  evals=354000
  [DE gen=1435 DONE]  Q_best=2.064816e+03 Q_mean=2.065232e+03    feasible=240/240  improved=20  clusters=2  corners=0/23  evals=354240
  [DE gen=1436 DONE]  Q_best=2.064816e+03 Q_mean=2.065226e+03    feasible=240/240  improved=11  clusters=2  corners=0/23  evals=354480
  [DE gen=1437 DONE]  Q_best=2.064816e+03 Q_mean=2.065224e+03    feasible=240/240  improved=13  clusters=2  corners=0/23  evals=354720
  [DE gen=1438 DONE]  Q_best=2.064816e+03 Q_mean=2.065221e+03    feasible=240/240  improved=14  clusters=2  corners=0/23  evals=354960
  [DE gen=1439 DONE]  Q_best=2.064816e+03 Q_mean=2.065218e+03    feasible=240/240  improved=13  clusters=5  corners=0/23  evals=355200
  [DE gen=1440 DONE]  Q_best=2.064816e+03 Q_mean=2.065214e+03    feasible=240/240  improved=18  clusters=2  corners=0/23  evals=355440
  [DE gen=1441 DONE]  Q_best=2.064816e+03 Q_mean=2.065200e+03    feasible=240/240  improved=16  clusters=2  corners=0/23  evals=355680
  [DE gen=1442 DONE]  Q_best=2.064816e+03 Q_mean=2.065182e+03    feasible=240/240  improved=13  clusters=4  corners=0/23  evals=355920
  [DE gen=1443 DONE]  Q_best=2.064816e+03 Q_mean=2.065181e+03    feasible=240/240  improved=9  clusters=3  corners=0/23  evals=356160
  [DE pop]  starting population generator: 240 slots, 23 free parameters
  [DE pop]  step 1/2 — ΔQ<1 width per parameter: 12 bisections × 2 directions × 23 params = 552 solves
  [DE pop]  widths done in 632s: 23/23 parameters admit a step, median 0.000732, range 4.9e-05–0.013
  [DE pop]  step 2/2 — 60 candidates at each sparsity k = 1:23;  Q_seed=2.064816e+03
  [DE pop]  evaluating 1380 candidates...
  [DE pop]  1380 candidates in 1378s: 852 feasible, 31 better than the seed  (selecting on improvement)
  [DE pop]  WARNING: only 31 improving for 240 slots (0.1x). The weight cannot
  [DE pop]           select at this headroom — raise gen_per_k to ~418 or lower pop_size.
  [DE pop]  top sparsities by allocated slots: k=11→1(40)  k=1→10(36)  k=2→7(34)  k=3→6(32)  k=5→1(31)
  [DE pop]  209 of 240 slots filled from feasible non-improving draws
  [DE pop]  done: f=1.479  cr=0.174 (k*=4 of 23)  best candidate Q=2.064712e+03
  [DE reheat 41]  gen=1443  Q 2.064816e+03 -> 2.064712e+03  f=1.479 cr=0.174  k*=11/23  better=31 feas=852 of 1380  (carried 0)
  [DE gen=1444 DONE]  Q_best=2.064712e+03 Q_mean=2.069288e+03    feasible=240/240  improved=61  clusters=2  corners=0/23  evals=356640
  [DE gen=1445 DONE]  Q_best=2.064712e+03 Q_mean=2.068421e+03    feasible=240/240  improved=58  clusters=2  corners=0/23  evals=356880
  [DE gen=1446 DONE]  Q_best=2.064712e+03 Q_mean=2.067841e+03    feasible=240/240  improved=53  clusters=2  corners=0/23  evals=357120
  [DE gen=1447 DONE]  Q_best=2.064712e+03 Q_mean=2.067454e+03    feasible=240/240  improved=44  clusters=2  corners=0/23  evals=357360
  [DE gen=1448 DONE]  Q_best=2.064712e+03 Q_mean=2.067177e+03    feasible=240/240  improved=41  clusters=2  corners=0/23  evals=357600
  [DE gen=1449 DONE]  Q_best=2.064712e+03 Q_mean=2.066730e+03    feasible=240/240  improved=46  clusters=2  corners=0/23  evals=357840
  [DE gen=1450 DONE]  Q_best=2.064712e+03 Q_mean=2.066449e+03    feasible=240/240  improved=46  clusters=1  corners=0/23  evals=358080
  [DE gen=1451 DONE]  Q_best=2.064712e+03 Q_mean=2.066256e+03    feasible=240/240  improved=40  clusters=2  corners=0/23  evals=358320
  [DE gen=1452 DONE]  Q_best=2.064712e+03 Q_mean=2.066055e+03    feasible=240/240  improved=37  clusters=2  corners=0/23  evals=358560
  [DE gen=1453 DONE]  Q_best=2.064712e+03 Q_mean=2.065997e+03    feasible=240/240  improved=35  clusters=2  corners=0/23  evals=358800
  [DE gen=1454 DONE]  Q_best=2.064712e+03 Q_mean=2.065786e+03    feasible=240/240  improved=38  clusters=2  corners=0/23  evals=359040
  [DE gen=1455 DONE]  Q_best=2.064712e+03 Q_mean=2.065697e+03    feasible=240/240  improved=30  clusters=2  corners=0/23  evals=359280
  [DE gen=1456 DONE]  Q_best=2.064712e+03 Q_mean=2.065590e+03    feasible=240/240  improved=29  clusters=2  corners=0/23  evals=359520
  [DE gen=1457 DONE]  Q_best=2.064684e+03 Q_mean=2.065580e+03    feasible=240/240  improved=19  clusters=2  corners=0/23  evals=359760
  [DE gen=1458 DONE]  Q_best=2.064684e+03 Q_mean=2.065570e+03    feasible=240/240  improved=19  clusters=2  corners=0/23  evals=360000
  [DE gen=1459 DONE]  Q_best=2.064684e+03 Q_mean=2.065516e+03    feasible=240/240  improved=30  clusters=2  corners=0/23  evals=360240
  [DE gen=1460 DONE]  Q_best=2.064684e+03 Q_mean=2.065449e+03    feasible=240/240  improved=24  clusters=1  corners=0/23  evals=360480
  [DE gen=1461 DONE]  Q_best=2.064684e+03 Q_mean=2.065411e+03    feasible=240/240  improved=20  clusters=1  corners=0/23  evals=360720
  [DE gen=1462 DONE]  Q_best=2.064684e+03 Q_mean=2.065369e+03    feasible=240/240  improved=28  clusters=1  corners=0/23  evals=360960
  [DE gen=1463 DONE]  Q_best=2.064653e+03 Q_mean=2.065344e+03    feasible=240/240  improved=18  clusters=1  corners=0/23  evals=361200
  [DE gen=1464 DONE]  Q_best=2.064653e+03 Q_mean=2.065307e+03    feasible=240/240  improved=22  clusters=1  corners=0/23  evals=361440
  [DE gen=1465 DONE]  Q_best=2.064653e+03 Q_mean=2.065297e+03    feasible=240/240  improved=18  clusters=1  corners=0/23  evals=361680
  [DE gen=1466 DONE]  Q_best=2.064653e+03 Q_mean=2.065197e+03    feasible=240/240  improved=17  clusters=1  corners=0/23  evals=361920
  [DE gen=1467 DONE]  Q_best=2.064653e+03 Q_mean=2.065189e+03    feasible=240/240  improved=14  clusters=1  corners=0/23  evals=362160
  [DE gen=1468 DONE]  Q_best=2.064653e+03 Q_mean=2.065180e+03    feasible=240/240  improved=19  clusters=1  corners=0/23  evals=362400
  [DE gen=1469 DONE]  Q_best=2.064653e+03 Q_mean=2.065159e+03    feasible=240/240  improved=20  clusters=1  corners=0/23  evals=362640
  [DE gen=1470 DONE]  Q_best=2.064653e+03 Q_mean=2.065153e+03    feasible=240/240  improved=13  clusters=1  corners=0/23  evals=362880
  [DE gen=1471 DONE]  Q_best=2.064653e+03 Q_mean=2.065138e+03    feasible=240/240  improved=18  clusters=1  corners=0/23  evals=363120
  [DE gen=1472 DONE]  Q_best=2.064653e+03 Q_mean=2.065132e+03    feasible=240/240  improved=20  clusters=1  corners=0/23  evals=363360
  [DE gen=1473 DONE]  Q_best=2.064653e+03 Q_mean=2.065128e+03    feasible=240/240  improved=11  clusters=1  corners=0/23  evals=363600
  [DE gen=1474 DONE]  Q_best=2.064653e+03 Q_mean=2.065124e+03    feasible=240/240  improved=15  clusters=1  corners=0/23  evals=363840
  [DE gen=1475 DONE]  Q_best=2.064653e+03 Q_mean=2.065111e+03    feasible=240/240  improved=18  clusters=1  corners=0/23  evals=364080
  [DE gen=1476 DONE]  Q_best=2.064653e+03 Q_mean=2.065100e+03    feasible=240/240  improved=23  clusters=1  corners=0/23  evals=364320
  [DE gen=1477 DONE]  Q_best=2.064653e+03 Q_mean=2.065097e+03    feasible=240/240  improved=9  clusters=2  corners=0/23  evals=364560
  [DE pop]  starting population generator: 240 slots, 23 free parameters
  [DE pop]  step 1/2 — ΔQ<1 width per parameter: 12 bisections × 2 directions × 23 params = 552 solves
  [DE pop]  widths done in 664s: 23/23 parameters admit a step, median 0.000293, range 4.9e-05–0.014  (4 kept previous scale)
  [DE pop]  step 2/2 — 60 candidates at each sparsity k = 1:23;  Q_seed=2.064653e+03
  [DE pop]  evaluating 1380 candidates...
  [DE pop]  1380 candidates in 1833s: 834 feasible, 15 better than the seed  (selecting on improvement)
  [DE pop]  WARNING: only 15 improving for 240 slots (0.1x). The weight cannot
  [DE pop]           select at this headroom — raise gen_per_k to ~418 or lower pop_size.
  [DE pop]  top sparsities by allocated slots: k=8→1(38)  k=7→2(37)  k=1→7(31)  k=4→1(31)  k=5→0(30)
  [DE pop]  225 of 240 slots filled from feasible non-improving draws
  [DE pop]  done: f=1.500 (clamped from 1.571)  cr=0.174 (k*=4 of 23)  best candidate Q=2.064632e+03
  [DE reheat 42]  gen=1477  Q 2.064653e+03 -> 2.064632e+03  f=1.500 cr=0.174  k*=8/23  better=15 feas=834 of 1380  (carried 0)
  [DE gen=1478 DONE]  Q_best=2.064625e+03 Q_mean=2.068026e+03    feasible=238/240  improved=59  clusters=1  corners=0/23  evals=365040
  [DE gen=1479 DONE]  Q_best=2.064625e+03 Q_mean=2.067386e+03    feasible=238/240  improved=62  clusters=1  corners=0/23  evals=365280
  [DE gen=1480 DONE]  Q_best=2.064625e+03 Q_mean=2.066761e+03    feasible=240/240  improved=67  clusters=1  corners=0/23  evals=365520
  [DE gen=1481 DONE]  Q_best=2.064625e+03 Q_mean=2.066463e+03    feasible=240/240  improved=49  clusters=1  corners=0/23  evals=365760
  [DE gen=1482 DONE]  Q_best=2.064625e+03 Q_mean=2.066176e+03    feasible=240/240  improved=50  clusters=1  corners=0/23  evals=366000
  [DE gen=1483 DONE]  Q_best=2.064625e+03 Q_mean=2.066102e+03    feasible=240/240  improved=37  clusters=1  corners=0/23  evals=366240
  [DE gen=1484 DONE]  Q_best=2.064625e+03 Q_mean=2.065888e+03    feasible=240/240  improved=40  clusters=1  corners=0/23  evals=366480
  [DE gen=1485 DONE]  Q_best=2.064625e+03 Q_mean=2.065707e+03    feasible=240/240  improved=47  clusters=1  corners=0/23  evals=366720
  [DE gen=1486 DONE]  Q_best=2.064618e+03 Q_mean=2.065538e+03    feasible=240/240  improved=38  clusters=1  corners=0/23  evals=366960
  [DE gen=1487 DONE]  Q_best=2.064618e+03 Q_mean=2.065485e+03    feasible=240/240  improved=29  clusters=1  corners=0/23  evals=367200
  [DE gen=1488 DONE]  Q_best=2.064618e+03 Q_mean=2.065417e+03    feasible=240/240  improved=30  clusters=1  corners=0/23  evals=367440
  [DE gen=1489 DONE]  Q_best=2.064618e+03 Q_mean=2.065309e+03    feasible=240/240  improved=32  clusters=2  corners=0/23  evals=367680
  [DE gen=1490 DONE]  Q_best=2.064618e+03 Q_mean=2.065229e+03    feasible=240/240  improved=36  clusters=2  corners=0/23  evals=367920
  [DE gen=1491 DONE]  Q_best=2.064618e+03 Q_mean=2.065210e+03    feasible=240/240  improved=30  clusters=1  corners=0/23  evals=368160
  [DE gen=1492 DONE]  Q_best=2.064618e+03 Q_mean=2.065195e+03    feasible=240/240  improved=18  clusters=1  corners=0/23  evals=368400
  [DE gen=1493 DONE]  Q_best=2.064618e+03 Q_mean=2.065164e+03    feasible=240/240  improved=34  clusters=2  corners=0/23  evals=368640
  [DE gen=1494 DONE]  Q_best=2.064618e+03 Q_mean=2.065140e+03    feasible=240/240  improved=29  clusters=2  corners=0/23  evals=368880
  [DE gen=1495 DONE]  Q_best=2.064618e+03 Q_mean=2.065128e+03    feasible=240/240  improved=21  clusters=2  corners=0/23  evals=369120
  [DE gen=1496 DONE]  Q_best=2.064618e+03 Q_mean=2.065118e+03    feasible=240/240  improved=25  clusters=2  corners=0/23  evals=369360
  [DE gen=1497 DONE]  Q_best=2.064610e+03 Q_mean=2.065084e+03    feasible=240/240  improved=22  clusters=2  corners=0/23  evals=369600
  [DE gen=1498 DONE]  Q_best=2.064586e+03 Q_mean=2.065063e+03    feasible=240/240  improved=16  clusters=2  corners=0/23  evals=369840
  [DE gen=1499 DONE]  Q_best=2.064586e+03 Q_mean=2.065051e+03    feasible=240/240  improved=23  clusters=2  corners=0/23  evals=370080
  [DE gen=1500 DONE]  Q_best=2.064586e+03 Q_mean=2.065042e+03    feasible=240/240  improved=25  clusters=2  corners=0/23  evals=370320
  [DE gen=1501 DONE]  Q_best=2.064586e+03 Q_mean=2.065029e+03    feasible=240/240  improved=26  clusters=2  corners=0/23  evals=370560
  [DE gen=1502 DONE]  Q_best=2.064586e+03 Q_mean=2.065020e+03    feasible=240/240  improved=24  clusters=2  corners=0/23  evals=370800
  [DE gen=1503 DONE]  Q_best=2.064586e+03 Q_mean=2.064996e+03    feasible=240/240  improved=21  clusters=2  corners=0/23  evals=371040
  [DE gen=1504 DONE]  Q_best=2.064586e+03 Q_mean=2.064977e+03    feasible=240/240  improved=17  clusters=2  corners=0/23  evals=371280
  [DE gen=1505 DONE]  Q_best=2.064586e+03 Q_mean=2.064972e+03    feasible=240/240  improved=21  clusters=2  corners=0/23  evals=371520
  [DE gen=1506 DONE]  Q_best=2.064586e+03 Q_mean=2.064958e+03    feasible=240/240  improved=22  clusters=2  corners=0/23  evals=371760
  [DE gen=1507 DONE]  Q_best=2.064586e+03 Q_mean=2.064954e+03    feasible=240/240  improved=19  clusters=2  corners=0/23  evals=372000
  [DE gen=1508 DONE]  Q_best=2.064586e+03 Q_mean=2.064951e+03    feasible=240/240  improved=15  clusters=2  corners=0/23  evals=372240
  [DE gen=1509 DONE]  Q_best=2.064586e+03 Q_mean=2.064945e+03    feasible=240/240  improved=16  clusters=2  corners=0/23  evals=372480
  [DE gen=1510 DONE]  Q_best=2.064586e+03 Q_mean=2.064938e+03    feasible=240/240  improved=18  clusters=2  corners=0/23  evals=372720
  [DE gen=1511 DONE]  Q_best=2.064586e+03 Q_mean=2.064934e+03    feasible=240/240  improved=18  clusters=2  corners=0/23  evals=372960
  [DE gen=1512 DONE]  Q_best=2.064586e+03 Q_mean=2.064929e+03    feasible=240/240  improved=25  clusters=2  corners=0/23  evals=373200
  [DE gen=1513 DONE]  Q_best=2.064586e+03 Q_mean=2.064910e+03    feasible=240/240  improved=24  clusters=2  corners=0/23  evals=373440
  [DE gen=1514 DONE]  Q_best=2.064586e+03 Q_mean=2.064906e+03    feasible=240/240  improved=19  clusters=2  corners=0/23  evals=373680
  [DE gen=1515 DONE]  Q_best=2.064586e+03 Q_mean=2.064902e+03    feasible=240/240  improved=13  clusters=2  corners=0/23  evals=373920
  [DE gen=1516 DONE]  Q_best=2.064586e+03 Q_mean=2.064898e+03    feasible=240/240  improved=13  clusters=2  corners=0/23  evals=374160
  [DE gen=1517 DONE]  Q_best=2.064586e+03 Q_mean=2.064895e+03    feasible=240/240  improved=11  clusters=2  corners=0/23  evals=374400
  [DE gen=1518 DONE]  Q_best=2.064586e+03 Q_mean=2.064882e+03    feasible=240/240  improved=14  clusters=2  corners=0/23  evals=374640
  [DE gen=1519 DONE]  Q_best=2.064582e+03 Q_mean=2.064877e+03    feasible=240/240  improved=17  clusters=2  corners=0/23  evals=374880
  [DE gen=1520 DONE]  Q_best=2.064582e+03 Q_mean=2.064876e+03    feasible=240/240  improved=14  clusters=2  corners=0/23  evals=375120
  [DE gen=1521 DONE]  Q_best=2.064582e+03 Q_mean=2.064873e+03    feasible=240/240  improved=12  clusters=2  corners=0/23  evals=375360
  [DE gen=1522 DONE]  Q_best=2.064582e+03 Q_mean=2.064871e+03    feasible=240/240  improved=10  clusters=2  corners=0/23  evals=375600
  [DE gen=1523 DONE]  Q_best=2.064582e+03 Q_mean=2.064869e+03    feasible=240/240  improved=6  clusters=2  corners=0/23  evals=375840
  [DE gen=1524 DONE]  Q_best=2.064582e+03 Q_mean=2.064868e+03    feasible=240/240  improved=7  clusters=2  corners=0/23  evals=376080
  [DE gen=1525 DONE]  Q_best=2.064582e+03 Q_mean=2.064866e+03    feasible=240/240  improved=11  clusters=2  corners=0/23  evals=376320
  [DE gen=1526 DONE]  Q_best=2.064582e+03 Q_mean=2.064848e+03    feasible=240/240  improved=12  clusters=2  corners=0/23  evals=376560
  [DE gen=1527 DONE]  Q_best=2.064582e+03 Q_mean=2.064845e+03    feasible=240/240  improved=17  clusters=2  corners=0/23  evals=376800
  [DE gen=1528 DONE]  Q_best=2.064582e+03 Q_mean=2.064843e+03    feasible=240/240  improved=11  clusters=2  corners=0/23  evals=377040
  [DE gen=1529 DONE]  Q_best=2.064582e+03 Q_mean=2.064840e+03    feasible=240/240  improved=14  clusters=2  corners=0/23  evals=377280
  [DE gen=1530 DONE]  Q_best=2.064582e+03 Q_mean=2.064838e+03    feasible=240/240  improved=14  clusters=2  corners=0/23  evals=377520
  [DE gen=1531 DONE]  Q_best=2.064582e+03 Q_mean=2.064837e+03    feasible=240/240  improved=8  clusters=2  corners=0/23  evals=377760
  [DE pop]  starting population generator: 240 slots, 23 free parameters
  [DE pop]  step 1/2 — ΔQ<1 width per parameter: 12 bisections × 2 directions × 23 params = 552 solves
  [DE pop]  widths done in 851s: 23/23 parameters admit a step, median 0.00122, range 4.9e-05–0.013  (3 kept previous scale)
  [DE pop]  step 2/2 — 60 candidates at each sparsity k = 1:23;  Q_seed=2.064582e+03
  [DE pop]  evaluating 1380 candidates...
  [DE pop]  1380 candidates in 1990s: 729 feasible, 20 better than the seed  (selecting on improvement)
  [DE pop]  WARNING: only 20 improving for 240 slots (0.1x). The weight cannot
  [DE pop]           select at this headroom — raise gen_per_k to ~418 or lower pop_size.
  [DE pop]  top sparsities by allocated slots: k=1→5(43)  k=2→8(38)  k=3→1(36)  k=4→1(33)  k=5→2(32)
  [DE pop]  220 of 240 slots filled from feasible non-improving draws
  [DE pop]  done: f=1.500 (clamped from 1.760)  cr=0.174 (k*=4 of 23)  best candidate Q=2.064540e+03
  [DE reheat 43]  gen=1531  Q 2.064582e+03 -> 2.064555e+03  f=1.500 cr=0.174  k*=1/23  better=20 feas=729 of 1380  (carried 0)
  [DE gen=1532 DONE]  Q_best=2.064520e+03 Q_mean=2.066914e+03    feasible=239/240  improved=72  clusters=2  corners=0/23  evals=378240
  [DE gen=1533 DONE]  Q_best=2.064520e+03 Q_mean=2.066424e+03    feasible=240/240  improved=61  clusters=2  corners=0/23  evals=378480
  [DE gen=1534 DONE]  Q_best=2.064520e+03 Q_mean=2.066094e+03    feasible=240/240  improved=41  clusters=2  corners=0/23  evals=378720
  [DE gen=1535 DONE]  Q_best=2.064520e+03 Q_mean=2.065896e+03    feasible=240/240  improved=43  clusters=2  corners=0/23  evals=378960
  [DE gen=1536 DONE]  Q_best=2.064520e+03 Q_mean=2.065622e+03    feasible=240/240  improved=33  clusters=2  corners=0/23  evals=379200
  [DE gen=1537 DONE]  Q_best=2.064520e+03 Q_mean=2.065543e+03    feasible=240/240  improved=39  clusters=2  corners=0/23  evals=379440
  [DE gen=1538 DONE]  Q_best=2.064520e+03 Q_mean=2.065470e+03    feasible=240/240  improved=36  clusters=2  corners=0/23  evals=379680
  [DE gen=1539 DONE]  Q_best=2.064509e+03 Q_mean=2.065320e+03    feasible=240/240  improved=37  clusters=2  corners=0/23  evals=379920
  [DE gen=1540 DONE]  Q_best=2.064509e+03 Q_mean=2.065296e+03    feasible=240/240  improved=40  clusters=2  corners=0/23  evals=380160
  [DE gen=1541 DONE]  Q_best=2.064509e+03 Q_mean=2.065262e+03    feasible=240/240  improved=35  clusters=2  corners=0/23  evals=380400
  [DE gen=1542 DONE]  Q_best=2.064509e+03 Q_mean=2.065199e+03    feasible=240/240  improved=28  clusters=2  corners=0/23  evals=380640
  [DE gen=1543 DONE]  Q_best=2.064509e+03 Q_mean=2.065147e+03    feasible=240/240  improved=33  clusters=2  corners=0/23  evals=380880
  [DE gen=1544 DONE]  Q_best=2.064509e+03 Q_mean=2.065089e+03    feasible=240/240  improved=34  clusters=2  corners=0/23  evals=381120
  [DE gen=1545 DONE]  Q_best=2.064503e+03 Q_mean=2.065081e+03    feasible=240/240  improved=26  clusters=2  corners=0/23  evals=381360
  [DE gen=1546 DONE]  Q_best=2.064503e+03 Q_mean=2.065071e+03    feasible=240/240  improved=33  clusters=1  corners=0/23  evals=381600
  [DE gen=1547 DONE]  Q_best=2.064503e+03 Q_mean=2.064997e+03    feasible=240/240  improved=29  clusters=1  corners=0/23  evals=381840
  [DE gen=1548 DONE]  Q_best=2.064503e+03 Q_mean=2.064985e+03    feasible=240/240  improved=25  clusters=1  corners=0/23  evals=382080
  [DE gen=1549 DONE]  Q_best=2.064503e+03 Q_mean=2.064951e+03    feasible=240/240  improved=23  clusters=1  corners=0/23  evals=382320
  [DE gen=1550 DONE]  Q_best=2.064503e+03 Q_mean=2.064937e+03    feasible=240/240  improved=22  clusters=1  corners=0/23  evals=382560
  [DE gen=1551 DONE]  Q_best=2.064503e+03 Q_mean=2.064931e+03    feasible=240/240  improved=25  clusters=1  corners=0/23  evals=382800
  [DE gen=1552 DONE]  Q_best=2.064463e+03 Q_mean=2.064926e+03    feasible=240/240  improved=25  clusters=1  corners=0/23  evals=383040
  [DE gen=1553 DONE]  Q_best=2.064463e+03 Q_mean=2.064887e+03    feasible=240/240  improved=21  clusters=1  corners=0/23  evals=383280
  [DE gen=1554 DONE]  Q_best=2.064463e+03 Q_mean=2.064875e+03    feasible=240/240  improved=25  clusters=1  corners=0/23  evals=383520
  [DE gen=1555 DONE]  Q_best=2.064463e+03 Q_mean=2.064868e+03    feasible=240/240  improved=19  clusters=1  corners=0/23  evals=383760
  [DE gen=1556 DONE]  Q_best=2.064463e+03 Q_mean=2.064865e+03    feasible=240/240  improved=19  clusters=1  corners=0/23  evals=384000
  [DE gen=1557 DONE]  Q_best=2.064463e+03 Q_mean=2.064831e+03    feasible=240/240  improved=25  clusters=1  corners=0/23  evals=384240
  [DE gen=1558 DONE]  Q_best=2.064463e+03 Q_mean=2.064823e+03    feasible=240/240  improved=13  clusters=1  corners=0/23  evals=384480
  [DE gen=1559 DONE]  Q_best=2.064463e+03 Q_mean=2.064820e+03    feasible=240/240  improved=28  clusters=1  corners=0/23  evals=384720
  [DE gen=1560 DONE]  Q_best=2.064463e+03 Q_mean=2.064818e+03    feasible=240/240  improved=18  clusters=1  corners=0/23  evals=384960
  [DE gen=1561 DONE]  Q_best=2.064463e+03 Q_mean=2.064813e+03    feasible=240/240  improved=18  clusters=1  corners=0/23  evals=385200
  [DE gen=1562 DONE]  Q_best=2.064463e+03 Q_mean=2.064778e+03    feasible=240/240  improved=21  clusters=1  corners=0/23  evals=385440
  [DE gen=1563 DONE]  Q_best=2.064463e+03 Q_mean=2.064773e+03    feasible=240/240  improved=16  clusters=1  corners=0/23  evals=385680
  [DE gen=1564 DONE]  Q_best=2.064463e+03 Q_mean=2.064729e+03    feasible=240/240  improved=25  clusters=1  corners=0/23  evals=385920
  [DE gen=1565 DONE]  Q_best=2.064463e+03 Q_mean=2.064728e+03    feasible=240/240  improved=8  clusters=1  corners=0/23  evals=386160
  [DE pop]  starting population generator: 240 slots, 23 free parameters
  [DE pop]  step 1/2 — ΔQ<1 width per parameter: 12 bisections × 2 directions × 23 params = 552 solves
  [DE pop]  widths done in 1096s: 23/23 parameters admit a step, median 0.000488, range 4.9e-05–0.012  (12 kept previous scale)
  [DE pop]  step 2/2 — 60 candidates at each sparsity k = 1:23;  Q_seed=2.064463e+03
  [DE pop]  evaluating 1380 candidates...
  [DE pop]  1380 candidates in 2755s: 467 feasible, 7 better than the seed  (selecting on improvement)
  [DE pop]  WARNING: only 7 improving for 240 slots (0.0x). The weight cannot
  [DE pop]           select at this headroom — raise gen_per_k to ~418 or lower pop_size.
  [DE pop]  top sparsities by allocated slots: k=13→0(25)  k=14→0(25)  k=10→1(23)  k=11→0(23)  k=7→0(20)
  [DE pop]  233 of 240 slots filled from feasible non-improving draws
  [DE pop]  done: f=1.062  cr=0.174 (k*=4 of 23)  best candidate Q=2.064444e+03
  [DE reheat 44]  gen=1565  Q 2.064463e+03 -> 2.064454e+03  f=1.062 cr=0.174  k*=13/23  better=7 feas=467 of 1380  (carried 0)
  [DE gen=1566 DONE]  Q_best=2.064454e+03 Q_mean=2.069909e+03    feasible=238/240  improved=55  clusters=2  corners=0/23  evals=386640
  [DE gen=1567 DONE]  Q_best=2.064454e+03 Q_mean=2.069415e+03    feasible=239/240  improved=46  clusters=2  corners=0/23  evals=386880
  [DE gen=1568 DONE]  Q_best=2.064454e+03 Q_mean=2.068944e+03    feasible=239/240  improved=49  clusters=2  corners=0/23  evals=387120
  [DE gen=1569 DONE]  Q_best=2.064454e+03 Q_mean=2.068606e+03    feasible=240/240  improved=45  clusters=2  corners=0/23  evals=387360
  [DE gen=1570 DONE]  Q_best=2.064453e+03 Q_mean=2.068398e+03    feasible=240/240  improved=40  clusters=2  corners=0/23  evals=387600
  [DE gen=1571 DONE]  Q_best=2.064453e+03 Q_mean=2.068038e+03    feasible=240/240  improved=41  clusters=2  corners=0/23  evals=387840
  [DE gen=1572 DONE]  Q_best=2.064453e+03 Q_mean=2.067836e+03    feasible=240/240  improved=41  clusters=2  corners=0/23  evals=388080
  [DE gen=1573 DONE]  Q_best=2.064453e+03 Q_mean=2.067641e+03    feasible=240/240  improved=42  clusters=2  corners=0/23  evals=388320
  [DE gen=1574 DONE]  Q_best=2.064453e+03 Q_mean=2.067476e+03    feasible=240/240  improved=41  clusters=2  corners=0/23  evals=388560
  [DE gen=1575 DONE]  Q_best=2.064453e+03 Q_mean=2.067230e+03    feasible=240/240  improved=35  clusters=2  corners=0/23  evals=388800
  [DE gen=1576 DONE]  Q_best=2.064442e+03 Q_mean=2.067114e+03    feasible=240/240  improved=30  clusters=2  corners=0/23  evals=389040
  [DE gen=1577 DONE]  Q_best=2.064442e+03 Q_mean=2.066956e+03    feasible=240/240  improved=38  clusters=2  corners=0/23  evals=389280
  [DE gen=1578 DONE]  Q_best=2.064442e+03 Q_mean=2.066877e+03    feasible=240/240  improved=31  clusters=2  corners=0/23  evals=389520
  [DE gen=1579 DONE]  Q_best=2.064442e+03 Q_mean=2.066823e+03    feasible=240/240  improved=23  clusters=2  corners=0/23  evals=389760
  [DE gen=1580 DONE]  Q_best=2.064442e+03 Q_mean=2.066724e+03    feasible=240/240  improved=28  clusters=2  corners=0/23  evals=390000
  [DE gen=1581 DONE]  Q_best=2.064442e+03 Q_mean=2.066672e+03    feasible=240/240  improved=27  clusters=2  corners=0/23  evals=390240
  [DE gen=1582 DONE]  Q_best=2.064442e+03 Q_mean=2.066605e+03    feasible=240/240  improved=31  clusters=2  corners=0/23  evals=390480
  [DE gen=1583 DONE]  Q_best=2.064442e+03 Q_mean=2.066571e+03    feasible=240/240  improved=26  clusters=2  corners=0/23  evals=390720
  [DE gen=1584 DONE]  Q_best=2.064442e+03 Q_mean=2.066536e+03    feasible=240/240  improved=29  clusters=2  corners=0/23  evals=390960
  [DE gen=1585 DONE]  Q_best=2.064442e+03 Q_mean=2.066470e+03    feasible=240/240  improved=29  clusters=2  corners=0/23  evals=391200
  [DE gen=1586 DONE]  Q_best=2.064442e+03 Q_mean=2.066359e+03    feasible=240/240  improved=26  clusters=2  corners=0/23  evals=391440
  [DE gen=1587 DONE]  Q_best=2.064442e+03 Q_mean=2.066303e+03    feasible=240/240  improved=23  clusters=2  corners=0/23  evals=391680
  [DE gen=1588 DONE]  Q_best=2.064442e+03 Q_mean=2.066296e+03    feasible=240/240  improved=26  clusters=2  corners=0/23  evals=391920
  [DE gen=1589 DONE]  Q_best=2.064442e+03 Q_mean=2.066274e+03    feasible=240/240  improved=13  clusters=2  corners=0/23  evals=392160
  [DE gen=1590 DONE]  Q_best=2.064442e+03 Q_mean=2.066231e+03    feasible=240/240  improved=24  clusters=2  corners=0/23  evals=392400
  [DE gen=1591 DONE]  Q_best=2.064442e+03 Q_mean=2.066201e+03    feasible=240/240  improved=22  clusters=3  corners=0/23  evals=392640
  [DE gen=1592 DONE]  Q_best=2.064442e+03 Q_mean=2.066147e+03    feasible=240/240  improved=20  clusters=2  corners=0/23  evals=392880
  [DE gen=1593 DONE]  Q_best=2.064442e+03 Q_mean=2.066120e+03    feasible=240/240  improved=20  clusters=2  corners=0/23  evals=393120
  [DE gen=1594 DONE]  Q_best=2.064442e+03 Q_mean=2.066100e+03    feasible=240/240  improved=19  clusters=2  corners=0/23  evals=393360
  [DE gen=1595 DONE]  Q_best=2.064442e+03 Q_mean=2.066092e+03    feasible=240/240  improved=21  clusters=2  corners=0/23  evals=393600
  [DE gen=1596 DONE]  Q_best=2.064442e+03 Q_mean=2.066064e+03    feasible=240/240  improved=23  clusters=2  corners=0/23  evals=393840
  [DE gen=1597 DONE]  Q_best=2.064442e+03 Q_mean=2.066022e+03    feasible=240/240  improved=22  clusters=2  corners=0/23  evals=394080
  [DE gen=1598 DONE]  Q_best=2.064442e+03 Q_mean=2.065997e+03    feasible=240/240  improved=22  clusters=2  corners=0/23  evals=394320
  [DE gen=1599 DONE]  Q_best=2.064442e+03 Q_mean=2.065989e+03    feasible=240/240  improved=21  clusters=2  corners=0/23  evals=394560
  [DE gen=1600 DONE]  Q_best=2.064399e+03 Q_mean=2.065976e+03    feasible=240/240  improved=22  clusters=2  corners=0/23  evals=394800
  [DE gen=1601 DONE]  Q_best=2.064399e+03 Q_mean=2.065944e+03    feasible=240/240  improved=21  clusters=2  corners=0/23  evals=395040
  [DE gen=1602 DONE]  Q_best=2.064399e+03 Q_mean=2.065922e+03    feasible=240/240  improved=15  clusters=2  corners=0/23  evals=395280
  [DE gen=1603 DONE]  Q_best=2.064399e+03 Q_mean=2.065912e+03    feasible=240/240  improved=20  clusters=2  corners=0/23  evals=395520
  [DE gen=1604 DONE]  Q_best=2.064399e+03 Q_mean=2.065878e+03    feasible=240/240  improved=19  clusters=2  corners=0/23  evals=395760
  [DE gen=1605 DONE]  Q_best=2.064399e+03 Q_mean=2.065871e+03    feasible=240/240  improved=20  clusters=2  corners=0/23  evals=396000
  [DE gen=1606 DONE]  Q_best=2.064399e+03 Q_mean=2.065862e+03    feasible=240/240  improved=15  clusters=2  corners=0/23  evals=396240
  [DE gen=1607 DONE]  Q_best=2.064399e+03 Q_mean=2.065848e+03    feasible=240/240  improved=24  clusters=2  corners=0/23  evals=396480
  [DE gen=1608 DONE]  Q_best=2.064399e+03 Q_mean=2.065818e+03    feasible=240/240  improved=13  clusters=2  corners=0/23  evals=396720
  [DE gen=1609 DONE]  Q_best=2.064377e+03 Q_mean=2.065774e+03    feasible=240/240  improved=21  clusters=2  corners=0/23  evals=396960
  [DE gen=1610 DONE]  Q_best=2.064377e+03 Q_mean=2.065772e+03    feasible=240/240  improved=9  clusters=2  corners=0/23  evals=397200
  [DE gen=1611 DONE]  Q_best=2.064377e+03 Q_mean=2.065764e+03    feasible=240/240  improved=17  clusters=2  corners=0/23  evals=397440
  [DE gen=1612 DONE]  Q_best=2.064377e+03 Q_mean=2.065753e+03    feasible=240/240  improved=14  clusters=2  corners=0/23  evals=397680
  [DE gen=1613 DONE]  Q_best=2.064377e+03 Q_mean=2.065730e+03    feasible=240/240  improved=14  clusters=2  corners=0/23  evals=397920
  [DE gen=1614 DONE]  Q_best=2.064377e+03 Q_mean=2.065727e+03    feasible=240/240  improved=11  clusters=2  corners=0/23  evals=398160
  [DE gen=1615 DONE]  Q_best=2.064377e+03 Q_mean=2.065700e+03    feasible=240/240  improved=21  clusters=2  corners=0/23  evals=398400
  [DE gen=1616 DONE]  Q_best=2.064377e+03 Q_mean=2.065695e+03    feasible=240/240  improved=10  clusters=2  corners=0/23  evals=398640
  [DE gen=1617 DONE]  Q_best=2.064377e+03 Q_mean=2.065691e+03    feasible=240/240  improved=12  clusters=3  corners=0/23  evals=398880
  [DE gen=1618 DONE]  Q_best=2.064377e+03 Q_mean=2.065689e+03    feasible=240/240  improved=8  clusters=3  corners=0/23  evals=399120
  [DE pop]  starting population generator: 240 slots, 23 free parameters
  [DE pop]  step 1/2 — ΔQ<1 width per parameter: 12 bisections × 2 directions × 23 params = 552 solves
  [DE pop]  widths done in 716s: 23/23 parameters admit a step, median 0.00151, range 4.9e-05–0.013  (1 kept previous scale)
  [DE pop]  step 2/2 — 60 candidates at each sparsity k = 1:23;  Q_seed=2.064377e+03
  [DE pop]  evaluating 1380 candidates...
  [DE pop]  1380 candidates in 2145s: 680 feasible, 9 better than the seed  (selecting on improvement)
  [DE pop]  WARNING: only 9 improving for 240 slots (0.0x). The weight cannot
  [DE pop]           select at this headroom — raise gen_per_k to ~418 or lower pop_size.
  [DE pop]  top sparsities by allocated slots: k=2→3(32)  k=9→1(32)  k=3→1(29)  k=8→0(27)  k=5→0(26)
  [DE pop]  231 of 240 slots filled from feasible non-improving draws
  [DE pop]  done: f=1.500 (clamped from 1.502)  cr=0.174 (k*=4 of 23)  best candidate Q=2.064355e+03
  [DE reheat 45]  gen=1618  Q 2.064377e+03 -> 2.064355e+03  f=1.500 cr=0.174  k*=2/23  better=9 feas=680 of 1380  (carried 0)
  [DE gen=1619 DONE]  Q_best=2.064355e+03 Q_mean=2.066090e+03    feasible=239/240  improved=56  clusters=2  corners=0/23  evals=399600
  [DE gen=1620 DONE]  Q_best=2.064355e+03 Q_mean=2.065891e+03    feasible=240/240  improved=44  clusters=2  corners=0/23  evals=399840
  [DE gen=1621 DONE]  Q_best=2.064355e+03 Q_mean=2.065805e+03    feasible=240/240  improved=41  clusters=2  corners=0/23  evals=400080
  [DE gen=1622 DONE]  Q_best=2.064355e+03 Q_mean=2.065694e+03    feasible=240/240  improved=35  clusters=2  corners=0/23  evals=400320
  [DE gen=1623 DONE]  Q_best=2.064355e+03 Q_mean=2.065597e+03    feasible=240/240  improved=39  clusters=3  corners=0/23  evals=400560
  [DE gen=1624 DONE]  Q_best=2.064317e+03 Q_mean=2.065486e+03    feasible=240/240  improved=31  clusters=3  corners=0/23  evals=400800
  [DE gen=1625 DONE]  Q_best=2.064317e+03 Q_mean=2.065441e+03    feasible=240/240  improved=38  clusters=2  corners=0/23  evals=401040
  [DE gen=1626 DONE]  Q_best=2.064317e+03 Q_mean=2.065417e+03    feasible=240/240  improved=31  clusters=2  corners=0/23  evals=401280
  [DE gen=1627 DONE]  Q_best=2.064317e+03 Q_mean=2.065314e+03    feasible=240/240  improved=36  clusters=2  corners=0/23  evals=401520
  [DE gen=1628 DONE]  Q_best=2.064317e+03 Q_mean=2.065254e+03    feasible=240/240  improved=39  clusters=2  corners=0/23  evals=401760
  [DE gen=1629 DONE]  Q_best=2.064285e+03 Q_mean=2.065216e+03    feasible=240/240  improved=25  clusters=2  corners=0/23  evals=402000
  [DE gen=1630 DONE]  Q_best=2.064285e+03 Q_mean=2.065153e+03    feasible=240/240  improved=28  clusters=2  corners=0/23  evals=402240
  [DE gen=1631 DONE]  Q_best=2.064285e+03 Q_mean=2.065143e+03    feasible=240/240  improved=21  clusters=2  corners=0/23  evals=402480
  [DE gen=1632 DONE]  Q_best=2.064285e+03 Q_mean=2.065119e+03    feasible=240/240  improved=23  clusters=2  corners=0/23  evals=402720
  [DE gen=1633 DONE]  Q_best=2.064285e+03 Q_mean=2.065108e+03    feasible=240/240  improved=24  clusters=3  corners=0/23  evals=402960
  [DE gen=1634 DONE]  Q_best=2.064285e+03 Q_mean=2.065078e+03    feasible=240/240  improved=39  clusters=2  corners=0/23  evals=403200
  [DE gen=1635 DONE]  Q_best=2.064285e+03 Q_mean=2.065068e+03    feasible=240/240  improved=29  clusters=2  corners=0/23  evals=403440
  [DE gen=1636 DONE]  Q_best=2.064285e+03 Q_mean=2.065064e+03    feasible=240/240  improved=17  clusters=2  corners=0/23  evals=403680
  [DE gen=1637 DONE]  Q_best=2.064285e+03 Q_mean=2.064993e+03    feasible=240/240  improved=27  clusters=2  corners=0/23  evals=403920
  [DE gen=1638 DONE]  Q_best=2.064285e+03 Q_mean=2.064967e+03    feasible=240/240  improved=25  clusters=2  corners=0/23  evals=404160
  [DE gen=1639 DONE]  Q_best=2.064285e+03 Q_mean=2.064960e+03    feasible=240/240  improved=23  clusters=2  corners=0/23  evals=404400
  [DE gen=1640 DONE]  Q_best=2.064285e+03 Q_mean=2.064949e+03    feasible=240/240  improved=25  clusters=2  corners=0/23  evals=404640
  [DE gen=1641 DONE]  Q_best=2.064285e+03 Q_mean=2.064945e+03    feasible=240/240  improved=19  clusters=2  corners=0/23  evals=404880
  [DE gen=1642 DONE]  Q_best=2.064285e+03 Q_mean=2.064936e+03    feasible=240/240  improved=13  clusters=2  corners=0/23  evals=405120
  [DE gen=1643 DONE]  Q_best=2.064280e+03 Q_mean=2.064913e+03    feasible=240/240  improved=25  clusters=2  corners=0/23  evals=405360
  [DE gen=1644 DONE]  Q_best=2.064280e+03 Q_mean=2.064905e+03    feasible=240/240  improved=17  clusters=2  corners=0/23  evals=405600
  [DE gen=1645 DONE]  Q_best=2.064280e+03 Q_mean=2.064897e+03    feasible=240/240  improved=17  clusters=2  corners=0/23  evals=405840
  [DE gen=1646 DONE]  Q_best=2.064280e+03 Q_mean=2.064893e+03    feasible=240/240  improved=15  clusters=2  corners=0/23  evals=406080
  [DE gen=1647 DONE]  Q_best=2.064280e+03 Q_mean=2.064889e+03    feasible=240/240  improved=19  clusters=2  corners=0/23  evals=406320
  [DE gen=1648 DONE]  Q_best=2.064280e+03 Q_mean=2.064885e+03    feasible=240/240  improved=12  clusters=2  corners=0/23  evals=406560
  [DE gen=1649 DONE]  Q_best=2.064280e+03 Q_mean=2.064850e+03    feasible=240/240  improved=17  clusters=2  corners=0/23  evals=406800
  [DE gen=1650 DONE]  Q_best=2.064280e+03 Q_mean=2.064819e+03    feasible=240/240  improved=19  clusters=2  corners=0/23  evals=407040
  [DE gen=1651 DONE]  Q_best=2.064280e+03 Q_mean=2.064812e+03    feasible=240/240  improved=13  clusters=2  corners=0/23  evals=407280
  [DE gen=1652 DONE]  Q_best=2.064280e+03 Q_mean=2.064806e+03    feasible=240/240  improved=14  clusters=2  corners=0/23  evals=407520
  [DE gen=1653 DONE]  Q_best=2.064280e+03 Q_mean=2.064792e+03    feasible=240/240  improved=10  clusters=2  corners=0/23  evals=407760
  [DE gen=1654 DONE]  Q_best=2.064280e+03 Q_mean=2.064786e+03    feasible=240/240  improved=16  clusters=2  corners=0/23  evals=408000
  [DE gen=1655 DONE]  Q_best=2.064280e+03 Q_mean=2.064772e+03    feasible=240/240  improved=10  clusters=2  corners=0/23  evals=408240
  [DE gen=1656 DONE]  Q_best=2.064280e+03 Q_mean=2.064765e+03    feasible=240/240  improved=15  clusters=2  corners=0/23  evals=408480
  [DE gen=1657 DONE]  Q_best=2.064280e+03 Q_mean=2.064741e+03    feasible=240/240  improved=17  clusters=2  corners=0/23  evals=408720
  [DE gen=1658 DONE]  Q_best=2.064280e+03 Q_mean=2.064737e+03    feasible=240/240  improved=17  clusters=2  corners=0/23  evals=408960
  [DE gen=1659 DONE]  Q_best=2.064273e+03 Q_mean=2.064734e+03    feasible=240/240  improved=11  clusters=2  corners=0/23  evals=409200
  [DE gen=1660 DONE]  Q_best=2.064273e+03 Q_mean=2.064732e+03    feasible=240/240  improved=14  clusters=2  corners=0/23  evals=409440
  [DE gen=1661 DONE]  Q_best=2.064273e+03 Q_mean=2.064727e+03    feasible=240/240  improved=20  clusters=2  corners=0/23  evals=409680
  [DE gen=1662 DONE]  Q_best=2.064273e+03 Q_mean=2.064718e+03    feasible=240/240  improved=8  clusters=2  corners=0/23  evals=409920
  [DE gen=1663 DONE]  Q_best=2.064273e+03 Q_mean=2.064696e+03    feasible=240/240  improved=13  clusters=2  corners=0/23  evals=410160
  [DE gen=1664 DONE]  Q_best=2.064273e+03 Q_mean=2.064694e+03    feasible=240/240  improved=11  clusters=2  corners=0/23  evals=410400
  [DE gen=1665 DONE]  Q_best=2.064273e+03 Q_mean=2.064693e+03    feasible=240/240  improved=9  clusters=2  corners=0/23  evals=410640
  [DE pop]  starting population generator: 240 slots, 23 free parameters
  [DE pop]  step 1/2 — ΔQ<1 width per parameter: 12 bisections × 2 directions × 23 params = 552 solves
  [DE pop]  widths done in 837s: 23/23 parameters admit a step, median 0.000586, range 4.9e-05–0.012  (2 kept previous scale)
  [DE pop]  step 2/2 — 60 candidates at each sparsity k = 1:23;  Q_seed=2.064273e+03
  [DE pop]  evaluating 1380 candidates...
  [DE pop]  1380 candidates in 2076s: 678 feasible, 22 better than the seed  (selecting on improvement)
  [DE pop]  WARNING: only 22 improving for 240 slots (0.1x). The weight cannot
  [DE pop]           select at this headroom — raise gen_per_k to ~418 or lower pop_size.
  [DE pop]  top sparsities by allocated slots: k=1→11(35)  k=2→5(32)  k=6→0(29)  k=3→2(28)  k=9→1(27)
  [DE pop]  218 of 240 slots filled from feasible non-improving draws
  [DE pop]  done: f=1.500 (clamped from 1.580)  cr=0.174 (k*=4 of 23)  best candidate Q=2.064261e+03
  [DE reheat 46]  gen=1665  Q 2.064273e+03 -> 2.064261e+03  f=1.500 cr=0.174  k*=1/23  better=22 feas=678 of 1380  (carried 0)
  [DE gen=1666 DONE]  Q_best=2.064261e+03 Q_mean=2.066201e+03    feasible=240/240  improved=55  clusters=2  corners=0/23  evals=411120
  [DE gen=1667 DONE]  Q_best=2.064249e+03 Q_mean=2.066030e+03    feasible=240/240  improved=52  clusters=2  corners=0/23  evals=411360
  [DE gen=1668 DONE]  Q_best=2.064249e+03 Q_mean=2.065829e+03    feasible=240/240  improved=52  clusters=2  corners=0/23  evals=411600
  [DE gen=1669 DONE]  Q_best=2.064249e+03 Q_mean=2.065563e+03    feasible=240/240  improved=47  clusters=2  corners=0/23  evals=411840
  [DE gen=1670 DONE]  Q_best=2.064249e+03 Q_mean=2.065486e+03    feasible=240/240  improved=45  clusters=2  corners=0/23  evals=412080
  [DE gen=1671 DONE]  Q_best=2.064249e+03 Q_mean=2.065459e+03    feasible=240/240  improved=37  clusters=1  corners=0/23  evals=412320
  [DE gen=1672 DONE]  Q_best=2.064249e+03 Q_mean=2.065395e+03    feasible=240/240  improved=37  clusters=1  corners=0/23  evals=412560
  [DE gen=1673 DONE]  Q_best=2.064249e+03 Q_mean=2.065276e+03    feasible=240/240  improved=35  clusters=1  corners=0/23  evals=412800
  [DE gen=1674 DONE]  Q_best=2.064249e+03 Q_mean=2.065167e+03    feasible=240/240  improved=32  clusters=1  corners=0/23  evals=413040
  [DE gen=1675 DONE]  Q_best=2.064249e+03 Q_mean=2.065085e+03    feasible=240/240  improved=35  clusters=1  corners=0/23  evals=413280
  [DE gen=1676 DONE]  Q_best=2.064249e+03 Q_mean=2.065043e+03    feasible=240/240  improved=28  clusters=1  corners=0/23  evals=413520
  [DE gen=1677 DONE]  Q_best=2.064249e+03 Q_mean=2.064988e+03    feasible=240/240  improved=34  clusters=1  corners=0/23  evals=413760
  [DE gen=1678 DONE]  Q_best=2.064249e+03 Q_mean=2.064945e+03    feasible=240/240  improved=28  clusters=2  corners=0/23  evals=414000
  [DE gen=1679 DONE]  Q_best=2.064249e+03 Q_mean=2.064923e+03    feasible=240/240  improved=46  clusters=2  corners=0/23  evals=414240
  [DE gen=1680 DONE]  Q_best=2.064249e+03 Q_mean=2.064904e+03    feasible=240/240  improved=39  clusters=2  corners=0/23  evals=414480
  [DE gen=1681 DONE]  Q_best=2.064244e+03 Q_mean=2.064837e+03    feasible=240/240  improved=38  clusters=2  corners=0/23  evals=414720
  [DE gen=1682 DONE]  Q_best=2.064244e+03 Q_mean=2.064833e+03    feasible=240/240  improved=29  clusters=1  corners=0/23  evals=414960
  [DE gen=1683 DONE]  Q_best=2.064244e+03 Q_mean=2.064812e+03    feasible=240/240  improved=29  clusters=2  corners=0/23  evals=415200
  [DE gen=1684 DONE]  Q_best=2.064244e+03 Q_mean=2.064806e+03    feasible=240/240  improved=24  clusters=2  corners=0/23  evals=415440
  [DE gen=1685 DONE]  Q_best=2.064232e+03 Q_mean=2.064799e+03    feasible=240/240  improved=31  clusters=1  corners=0/23  evals=415680
  [DE gen=1686 DONE]  Q_best=2.064232e+03 Q_mean=2.064758e+03    feasible=240/240  improved=25  clusters=1  corners=0/23  evals=415920
  [DE gen=1687 DONE]  Q_best=2.064232e+03 Q_mean=2.064741e+03    feasible=240/240  improved=22  clusters=2  corners=0/23  evals=416160
  [DE gen=1688 DONE]  Q_best=2.064232e+03 Q_mean=2.064736e+03    feasible=240/240  improved=25  clusters=2  corners=0/23  evals=416400
  [DE gen=1689 DONE]  Q_best=2.064232e+03 Q_mean=2.064717e+03    feasible=240/240  improved=27  clusters=2  corners=0/23  evals=416640
  [DE gen=1690 DONE]  Q_best=2.064232e+03 Q_mean=2.064711e+03    feasible=240/240  improved=25  clusters=2  corners=0/23  evals=416880
  [DE gen=1691 DONE]  Q_best=2.064232e+03 Q_mean=2.064706e+03    feasible=240/240  improved=21  clusters=2  corners=0/23  evals=417120
  [DE gen=1692 DONE]  Q_best=2.064232e+03 Q_mean=2.064687e+03    feasible=240/240  improved=17  clusters=2  corners=0/23  evals=417360
  [DE gen=1693 DONE]  Q_best=2.064211e+03 Q_mean=2.064671e+03    feasible=240/240  improved=19  clusters=2  corners=0/23  evals=417600
  [DE gen=1694 DONE]  Q_best=2.064211e+03 Q_mean=2.064627e+03    feasible=240/240  improved=21  clusters=2  corners=0/23  evals=417840
  [DE gen=1695 DONE]  Q_best=2.064211e+03 Q_mean=2.064622e+03    feasible=240/240  improved=14  clusters=2  corners=0/23  evals=418080
  [DE gen=1696 DONE]  Q_best=2.064211e+03 Q_mean=2.064602e+03    feasible=240/240  improved=18  clusters=2  corners=0/23  evals=418320
  [DE gen=1697 DONE]  Q_best=2.064211e+03 Q_mean=2.064594e+03    feasible=240/240  improved=30  clusters=2  corners=0/23  evals=418560
  [DE gen=1698 DONE]  Q_best=2.064211e+03 Q_mean=2.064577e+03    feasible=240/240  improved=19  clusters=2  corners=0/23  evals=418800
  [DE gen=1699 DONE]  Q_best=2.064211e+03 Q_mean=2.064575e+03    feasible=240/240  improved=22  clusters=2  corners=0/23  evals=419040
  [DE gen=1700 DONE]  Q_best=2.064211e+03 Q_mean=2.064575e+03    feasible=240/240  improved=10  clusters=2  corners=0/23  evals=419280
  [DE gen=1701 DONE]  Q_best=2.064211e+03 Q_mean=2.064556e+03    feasible=240/240  improved=27  clusters=2  corners=0/23  evals=419520
  [DE gen=1702 DONE]  Q_best=2.064211e+03 Q_mean=2.064543e+03    feasible=240/240  improved=12  clusters=2  corners=0/23  evals=419760
  [DE gen=1703 DONE]  Q_best=2.064211e+03 Q_mean=2.064540e+03    feasible=240/240  improved=13  clusters=2  corners=0/23  evals=420000
  [DE gen=1704 DONE]  Q_best=2.064211e+03 Q_mean=2.064528e+03    feasible=240/240  improved=13  clusters=2  corners=0/23  evals=420240
  [DE gen=1705 DONE]  Q_best=2.064211e+03 Q_mean=2.064527e+03    feasible=240/240  improved=18  clusters=2  corners=0/23  evals=420480
  [DE gen=1706 DONE]  Q_best=2.064211e+03 Q_mean=2.064525e+03    feasible=240/240  improved=21  clusters=2  corners=0/23  evals=420720
  [DE gen=1707 DONE]  Q_best=2.064211e+03 Q_mean=2.064521e+03    feasible=240/240  improved=17  clusters=2  corners=0/23  evals=420960
  [DE gen=1708 DONE]  Q_best=2.064211e+03 Q_mean=2.064520e+03    feasible=240/240  improved=10  clusters=2  corners=0/23  evals=421200
  [DE gen=1709 DONE]  Q_best=2.064211e+03 Q_mean=2.064515e+03    feasible=240/240  improved=15  clusters=2  corners=0/23  evals=421440
  [DE gen=1710 DONE]  Q_best=2.064211e+03 Q_mean=2.064513e+03    feasible=240/240  improved=8  clusters=2  corners=0/23  evals=421680
  [DE pop]  starting population generator: 240 slots, 23 free parameters
  [DE pop]  step 1/2 — ΔQ<1 width per parameter: 12 bisections × 2 directions × 23 params = 552 solves
  [DE pop]  widths done in 713s: 23/23 parameters admit a step, median 0.00122, range 4.9e-05–0.012  (2 kept previous scale)
  [DE pop]  step 2/2 — 60 candidates at each sparsity k = 1:23;  Q_seed=2.064211e+03
  [DE pop]  evaluating 1380 candidates...
  [DE pop]  1380 candidates in 1962s: 794 feasible, 15 better than the seed  (selecting on improvement)
  [DE pop]  WARNING: only 15 improving for 240 slots (0.1x). The weight cannot
  [DE pop]           select at this headroom — raise gen_per_k to ~418 or lower pop_size.
  [DE pop]  top sparsities by allocated slots: k=5→0(39)  k=4→3(38)  k=10→1(38)  k=1→7(34)  k=3→2(34)
  [DE pop]  225 of 240 slots filled from feasible non-improving draws
  [DE pop]  done: f=1.500 (clamped from 1.669)  cr=0.174 (k*=4 of 23)  best candidate Q=2.064195e+03
  [DE reheat 47]  gen=1710  Q 2.064211e+03 -> 2.064195e+03  f=1.500 cr=0.174  k*=5/23  better=15 feas=794 of 1380  (carried 0)
  [DE gen=1711 DONE]  Q_best=2.064190e+03 Q_mean=2.065667e+03    feasible=240/240  improved=67  clusters=2  corners=0/23  evals=422160
  [DE gen=1712 DONE]  Q_best=2.064190e+03 Q_mean=2.065430e+03    feasible=240/240  improved=46  clusters=2  corners=0/23  evals=422400
  [DE gen=1713 DONE]  Q_best=2.064190e+03 Q_mean=2.065277e+03    feasible=240/240  improved=45  clusters=2  corners=0/23  evals=422640
  [DE gen=1714 DONE]  Q_best=2.064190e+03 Q_mean=2.065119e+03    feasible=240/240  improved=49  clusters=2  corners=0/23  evals=422880
  [DE gen=1715 DONE]  Q_best=2.064190e+03 Q_mean=2.064997e+03    feasible=240/240  improved=30  clusters=2  corners=0/23  evals=423120
  [DE gen=1716 DONE]  Q_best=2.064190e+03 Q_mean=2.064913e+03    feasible=240/240  improved=44  clusters=1  corners=0/23  evals=423360
  [DE gen=1717 DONE]  Q_best=2.064190e+03 Q_mean=2.064893e+03    feasible=240/240  improved=35  clusters=2  corners=0/23  evals=423600
  [DE gen=1718 DONE]  Q_best=2.064190e+03 Q_mean=2.064819e+03    feasible=240/240  improved=32  clusters=2  corners=0/23  evals=423840
  [DE gen=1719 DONE]  Q_best=2.064190e+03 Q_mean=2.064810e+03    feasible=240/240  improved=35  clusters=2  corners=0/23  evals=424080
  [DE gen=1720 DONE]  Q_best=2.064190e+03 Q_mean=2.064722e+03    feasible=240/240  improved=39  clusters=2  corners=0/23  evals=424320
  [DE gen=1721 DONE]  Q_best=2.064190e+03 Q_mean=2.064694e+03    feasible=240/240  improved=39  clusters=2  corners=0/23  evals=424560
  [DE gen=1722 DONE]  Q_best=2.064190e+03 Q_mean=2.064683e+03    feasible=240/240  improved=40  clusters=1  corners=0/23  evals=424800
  [DE gen=1723 DONE]  Q_best=2.064190e+03 Q_mean=2.064657e+03    feasible=240/240  improved=31  clusters=2  corners=0/23  evals=425040
  [DE gen=1724 DONE]  Q_best=2.064177e+03 Q_mean=2.064650e+03    feasible=240/240  improved=34  clusters=1  corners=0/23  evals=425280
  [DE gen=1725 DONE]  Q_best=2.064177e+03 Q_mean=2.064628e+03    feasible=240/240  improved=39  clusters=2  corners=0/23  evals=425520
  [DE gen=1726 DONE]  Q_best=2.064177e+03 Q_mean=2.064605e+03    feasible=240/240  improved=29  clusters=2  corners=0/23  evals=425760
  [DE gen=1727 DONE]  Q_best=2.064177e+03 Q_mean=2.064604e+03    feasible=240/240  improved=24  clusters=2  corners=0/23  evals=426000
  [DE gen=1728 DONE]  Q_best=2.064177e+03 Q_mean=2.064601e+03    feasible=240/240  improved=27  clusters=1  corners=0/23  evals=426240
  [DE gen=1729 DONE]  Q_best=2.064177e+03 Q_mean=2.064598e+03    feasible=240/240  improved=15  clusters=1  corners=0/23  evals=426480
  [DE gen=1730 DONE]  Q_best=2.064177e+03 Q_mean=2.064580e+03    feasible=240/240  improved=25  clusters=1  corners=0/23  evals=426720
  [DE gen=1731 DONE]  Q_best=2.064177e+03 Q_mean=2.064569e+03    feasible=240/240  improved=19  clusters=1  corners=0/23  evals=426960
  [DE gen=1732 DONE]  Q_best=2.064177e+03 Q_mean=2.064567e+03    feasible=240/240  improved=21  clusters=2  corners=0/23  evals=427200
  [DE gen=1733 DONE]  Q_best=2.064175e+03 Q_mean=2.064557e+03    feasible=240/240  improved=25  clusters=2  corners=0/23  evals=427440
  [DE gen=1734 DONE]  Q_best=2.064175e+03 Q_mean=2.064553e+03    feasible=240/240  improved=19  clusters=2  corners=0/23  evals=427680
  [DE gen=1735 DONE]  Q_best=2.064174e+03 Q_mean=2.064547e+03    feasible=240/240  improved=32  clusters=2  corners=0/23  evals=427920
  [DE gen=1736 DONE]  Q_best=2.064174e+03 Q_mean=2.064544e+03    feasible=240/240  improved=26  clusters=2  corners=0/23  evals=428160
  [DE gen=1737 DONE]  Q_best=2.064174e+03 Q_mean=2.064539e+03    feasible=240/240  improved=29  clusters=2  corners=0/23  evals=428400
  [DE gen=1738 DONE]  Q_best=2.064174e+03 Q_mean=2.064509e+03    feasible=240/240  improved=20  clusters=1  corners=0/23  evals=428640
  [DE gen=1739 DONE]  Q_best=2.064174e+03 Q_mean=2.064493e+03    feasible=240/240  improved=20  clusters=2  corners=0/23  evals=428880
  [DE gen=1740 DONE]  Q_best=2.064168e+03 Q_mean=2.064489e+03    feasible=240/240  improved=23  clusters=2  corners=0/23  evals=429120
  [DE gen=1741 DONE]  Q_best=2.064168e+03 Q_mean=2.064472e+03    feasible=240/240  improved=20  clusters=1  corners=0/23  evals=429360
  [DE gen=1742 DONE]  Q_best=2.064168e+03 Q_mean=2.064451e+03    feasible=240/240  improved=22  clusters=2  corners=0/23  evals=429600
  [DE gen=1743 DONE]  Q_best=2.064168e+03 Q_mean=2.064448e+03    feasible=240/240  improved=21  clusters=2  corners=0/23  evals=429840
  [DE gen=1744 DONE]  Q_best=2.064168e+03 Q_mean=2.064445e+03    feasible=240/240  improved=17  clusters=2  corners=0/23  evals=430080
  [DE gen=1745 DONE]  Q_best=2.064168e+03 Q_mean=2.064428e+03    feasible=240/240  improved=16  clusters=2  corners=0/23  evals=430320
  [DE gen=1746 DONE]  Q_best=2.064168e+03 Q_mean=2.064426e+03    feasible=240/240  improved=19  clusters=2  corners=0/23  evals=430560
  [DE gen=1747 DONE]  Q_best=2.064168e+03 Q_mean=2.064425e+03    feasible=240/240  improved=15  clusters=2  corners=0/23  evals=430800
  [DE gen=1748 DONE]  Q_best=2.064168e+03 Q_mean=2.064419e+03    feasible=240/240  improved=22  clusters=2  corners=0/23  evals=431040
  [DE gen=1749 DONE]  Q_best=2.064168e+03 Q_mean=2.064418e+03    feasible=240/240  improved=10  clusters=2  corners=0/23  evals=431280
  [DE gen=1750 DONE]  Q_best=2.064168e+03 Q_mean=2.064417e+03    feasible=240/240  improved=13  clusters=2  corners=0/23  evals=431520
  [DE gen=1751 DONE]  Q_best=2.064168e+03 Q_mean=2.064409e+03    feasible=240/240  improved=11  clusters=2  corners=0/23  evals=431760
  [DE gen=1752 DONE]  Q_best=2.064168e+03 Q_mean=2.064408e+03    feasible=240/240  improved=14  clusters=2  corners=0/23  evals=432000
  [DE gen=1753 DONE]  Q_best=2.064168e+03 Q_mean=2.064407e+03    feasible=240/240  improved=12  clusters=2  corners=0/23  evals=432240
  [DE gen=1754 DONE]  Q_best=2.064168e+03 Q_mean=2.064405e+03    feasible=240/240  improved=15  clusters=2  corners=0/23  evals=432480
  [DE gen=1755 DONE]  Q_best=2.064168e+03 Q_mean=2.064404e+03    feasible=240/240  improved=9  clusters=2  corners=0/23  evals=432720
  [DE pop]  starting population generator: 240 slots, 23 free parameters
  [DE pop]  step 1/2 — ΔQ<1 width per parameter: 12 bisections × 2 directions × 23 params = 552 solves
  [DE pop]  widths done in 675s: 23/23 parameters admit a step, median 0.00117, range 4.9e-05–0.013  (2 kept previous scale)
  [DE pop]  step 2/2 — 60 candidates at each sparsity k = 1:23;  Q_seed=2.064168e+03
  [DE pop]  evaluating 1380 candidates...
  [DE pop]  1380 candidates in 1976s: 716 feasible, 30 better than the seed  (selecting on improvement)
  [DE pop]  WARNING: only 30 improving for 240 slots (0.1x). The weight cannot
  [DE pop]           select at this headroom — raise gen_per_k to ~418 or lower pop_size.
  [DE pop]  top sparsities by allocated slots: k=1→14(41)  k=2→9(33)  k=5→1(33)  k=7→0(30)  k=6→0(29)
  [DE pop]  210 of 240 slots filled from feasible non-improving draws
  [DE pop]  done: f=1.500 (clamped from 1.699)  cr=0.087 (k*=2 of 23)  best candidate Q=2.064144e+03
  [DE reheat 48]  gen=1755  Q 2.064168e+03 -> 2.064144e+03  f=1.500 cr=0.087  k*=1/23  better=30 feas=716 of 1380  (carried 0)
  [DE gen=1756 DONE]  Q_best=2.064144e+03 Q_mean=2.065302e+03    feasible=240/240  improved=62  clusters=2  corners=0/23  evals=433200
  [DE gen=1757 DONE]  Q_best=2.064144e+03 Q_mean=2.065214e+03    feasible=240/240  improved=64  clusters=2  corners=0/23  evals=433440
  [DE gen=1758 DONE]  Q_best=2.064144e+03 Q_mean=2.065141e+03    feasible=240/240  improved=65  clusters=2  corners=0/23  evals=433680
  [DE gen=1759 DONE]  Q_best=2.064143e+03 Q_mean=2.065053e+03    feasible=240/240  improved=51  clusters=2  corners=0/23  evals=433920
  [DE gen=1760 DONE]  Q_best=2.064143e+03 Q_mean=2.064972e+03    feasible=240/240  improved=47  clusters=2  corners=0/23  evals=434160
  [DE gen=1761 DONE]  Q_best=2.064141e+03 Q_mean=2.064945e+03    feasible=240/240  improved=57  clusters=2  corners=0/23  evals=434400
  [DE gen=1762 DONE]  Q_best=2.064137e+03 Q_mean=2.064920e+03    feasible=240/240  improved=48  clusters=2  corners=0/23  evals=434640
  [DE gen=1763 DONE]  Q_best=2.064137e+03 Q_mean=2.064895e+03    feasible=240/240  improved=37  clusters=2  corners=0/23  evals=434880
  [DE gen=1764 DONE]  Q_best=2.064137e+03 Q_mean=2.064838e+03    feasible=240/240  improved=50  clusters=2  corners=0/23  evals=435120
  [DE gen=1765 DONE]  Q_best=2.064137e+03 Q_mean=2.064801e+03    feasible=240/240  improved=42  clusters=2  corners=0/23  evals=435360
  [DE gen=1766 DONE]  Q_best=2.064137e+03 Q_mean=2.064779e+03    feasible=240/240  improved=37  clusters=2  corners=0/23  evals=435600
  [DE gen=1767 DONE]  Q_best=2.064137e+03 Q_mean=2.064747e+03    feasible=240/240  improved=39  clusters=2  corners=0/23  evals=435840
  [DE gen=1768 DONE]  Q_best=2.064137e+03 Q_mean=2.064740e+03    feasible=240/240  improved=39  clusters=2  corners=0/23  evals=436080
  [DE gen=1769 DONE]  Q_best=2.064134e+03 Q_mean=2.064735e+03    feasible=240/240  improved=33  clusters=2  corners=0/23  evals=436320
  [DE gen=1770 DONE]  Q_best=2.064134e+03 Q_mean=2.064718e+03    feasible=240/240  improved=41  clusters=2  corners=0/23  evals=436560
  [DE gen=1771 DONE]  Q_best=2.064134e+03 Q_mean=2.064694e+03    feasible=240/240  improved=34  clusters=2  corners=0/23  evals=436800
  [DE gen=1772 DONE]  Q_best=2.064134e+03 Q_mean=2.064675e+03    feasible=240/240  improved=39  clusters=2  corners=0/23  evals=437040
  [DE gen=1773 DONE]  Q_best=2.064129e+03 Q_mean=2.064671e+03    feasible=240/240  improved=36  clusters=2  corners=0/23  evals=437280
  [DE gen=1774 DONE]  Q_best=2.064129e+03 Q_mean=2.064665e+03    feasible=240/240  improved=33  clusters=1  corners=0/23  evals=437520
  [DE gen=1775 DONE]  Q_best=2.064103e+03 Q_mean=2.064663e+03    feasible=240/240  improved=40  clusters=2  corners=0/23  evals=437760
  [DE gen=1776 DONE]  Q_best=2.064103e+03 Q_mean=2.064660e+03    feasible=240/240  improved=26  clusters=2  corners=0/23  evals=438000
  [DE gen=1777 DONE]  Q_best=2.064103e+03 Q_mean=2.064640e+03    feasible=240/240  improved=33  clusters=2  corners=0/23  evals=438240
  [DE gen=1778 DONE]  Q_best=2.064103e+03 Q_mean=2.064636e+03    feasible=240/240  improved=37  clusters=2  corners=0/23  evals=438480
  [DE gen=1779 DONE]  Q_best=2.064103e+03 Q_mean=2.064618e+03    feasible=240/240  improved=30  clusters=2  corners=0/23  evals=438720
  [DE gen=1780 DONE]  Q_best=2.064103e+03 Q_mean=2.064603e+03    feasible=240/240  improved=23  clusters=2  corners=0/23  evals=438960
  [DE gen=1781 DONE]  Q_best=2.064103e+03 Q_mean=2.064599e+03    feasible=240/240  improved=36  clusters=2  corners=0/23  evals=439200
  [DE gen=1782 DONE]  Q_best=2.064103e+03 Q_mean=2.064579e+03    feasible=240/240  improved=31  clusters=2  corners=0/23  evals=439440
  [DE gen=1783 DONE]  Q_best=2.064103e+03 Q_mean=2.064570e+03    feasible=240/240  improved=37  clusters=2  corners=0/23  evals=439680
  [DE gen=1784 DONE]  Q_best=2.064103e+03 Q_mean=2.064555e+03    feasible=240/240  improved=36  clusters=2  corners=0/23  evals=439920
  [DE gen=1785 DONE]  Q_best=2.064103e+03 Q_mean=2.064553e+03    feasible=240/240  improved=26  clusters=2  corners=0/23  evals=440160
  [DE gen=1786 DONE]  Q_best=2.064103e+03 Q_mean=2.064550e+03    feasible=240/240  improved=27  clusters=2  corners=0/23  evals=440400
  [DE gen=1787 DONE]  Q_best=2.064103e+03 Q_mean=2.064549e+03    feasible=240/240  improved=23  clusters=2  corners=0/23  evals=440640
  [DE gen=1788 DONE]  Q_best=2.064103e+03 Q_mean=2.064544e+03    feasible=240/240  improved=29  clusters=2  corners=0/23  evals=440880
  [DE gen=1789 DONE]  Q_best=2.064101e+03 Q_mean=2.064542e+03    feasible=240/240  improved=24  clusters=2  corners=0/23  evals=441120
  [DE gen=1790 DONE]  Q_best=2.064101e+03 Q_mean=2.064541e+03    feasible=240/240  improved=21  clusters=2  corners=0/23  evals=441360
  [DE gen=1791 DONE]  Q_best=2.064101e+03 Q_mean=2.064539e+03    feasible=240/240  improved=27  clusters=2  corners=0/23  evals=441600
  [DE gen=1792 DONE]  Q_best=2.064101e+03 Q_mean=2.064539e+03    feasible=240/240  improved=20  clusters=2  corners=0/23  evals=441840
  [DE gen=1793 DONE]  Q_best=2.064101e+03 Q_mean=2.064524e+03    feasible=240/240  improved=22  clusters=2  corners=0/23  evals=442080
  [DE gen=1794 DONE]  Q_best=2.064101e+03 Q_mean=2.064521e+03    feasible=240/240  improved=22  clusters=2  corners=0/23  evals=442320
  [DE gen=1795 DONE]  Q_best=2.064101e+03 Q_mean=2.064499e+03    feasible=240/240  improved=23  clusters=2  corners=0/23  evals=442560
  [DE gen=1796 DONE]  Q_best=2.064101e+03 Q_mean=2.064497e+03    feasible=240/240  improved=22  clusters=2  corners=0/23  evals=442800
  [DE gen=1797 DONE]  Q_best=2.064101e+03 Q_mean=2.064492e+03    feasible=240/240  improved=23  clusters=1  corners=0/23  evals=443040
  [DE gen=1798 DONE]  Q_best=2.064101e+03 Q_mean=2.064490e+03    feasible=240/240  improved=29  clusters=1  corners=0/23  evals=443280
  [DE gen=1799 DONE]  Q_best=2.064101e+03 Q_mean=2.064487e+03    feasible=240/240  improved=20  clusters=2  corners=0/23  evals=443520
  [DE gen=1800 DONE]  Q_best=2.064101e+03 Q_mean=2.064484e+03    feasible=240/240  improved=22  clusters=2  corners=0/23  evals=443760
  [DE gen=1801 DONE]  Q_best=2.064101e+03 Q_mean=2.064482e+03    feasible=240/240  improved=28  clusters=2  corners=0/23  evals=444000
  [DE gen=1802 DONE]  Q_best=2.064101e+03 Q_mean=2.064481e+03    feasible=240/240  improved=18  clusters=2  corners=0/23  evals=444240
  [DE gen=1803 DONE]  Q_best=2.064101e+03 Q_mean=2.064472e+03    feasible=240/240  improved=22  clusters=2  corners=0/23  evals=444480
  [DE gen=1804 DONE]  Q_best=2.064101e+03 Q_mean=2.064470e+03    feasible=240/240  improved=21  clusters=2  corners=0/23  evals=444720
  [DE gen=1805 DONE]  Q_best=2.064101e+03 Q_mean=2.064465e+03    feasible=240/240  improved=22  clusters=2  corners=0/23  evals=444960
  [DE gen=1806 DONE]  Q_best=2.064101e+03 Q_mean=2.064463e+03    feasible=240/240  improved=28  clusters=2  corners=0/23  evals=445200
  [DE gen=1807 DONE]  Q_best=2.064101e+03 Q_mean=2.064460e+03    feasible=240/240  improved=24  clusters=2  corners=0/23  evals=445440
  [DE gen=1808 DONE]  Q_best=2.064101e+03 Q_mean=2.064459e+03    feasible=240/240  improved=14  clusters=2  corners=0/23  evals=445680
  [DE gen=1809 DONE]  Q_best=2.064101e+03 Q_mean=2.064454e+03    feasible=240/240  improved=14  clusters=2  corners=0/23  evals=445920
  [DE gen=1810 DONE]  Q_best=2.064101e+03 Q_mean=2.064452e+03    feasible=240/240  improved=19  clusters=2  corners=0/23  evals=446160
  [DE gen=1811 DONE]  Q_best=2.064101e+03 Q_mean=2.064451e+03    feasible=240/240  improved=24  clusters=2  corners=0/23  evals=446400
  [DE gen=1812 DONE]  Q_best=2.064101e+03 Q_mean=2.064448e+03    feasible=240/240  improved=12  clusters=2  corners=0/23  evals=446640
  [DE gen=1813 DONE]  Q_best=2.064101e+03 Q_mean=2.064447e+03    feasible=240/240  improved=23  clusters=2  corners=0/23  evals=446880
  [DE gen=1814 DONE]  Q_best=2.064101e+03 Q_mean=2.064446e+03    feasible=240/240  improved=15  clusters=2  corners=0/23  evals=447120
  [DE gen=1815 DONE]  Q_best=2.064100e+03 Q_mean=2.064443e+03    feasible=240/240  improved=21  clusters=2  corners=0/23  evals=447360
  [DE gen=1816 DONE]  Q_best=2.064062e+03 Q_mean=2.064443e+03    feasible=240/240  improved=19  clusters=2  corners=0/23  evals=447600
  [DE gen=1817 DONE]  Q_best=2.064062e+03 Q_mean=2.064442e+03    feasible=240/240  improved=16  clusters=2  corners=0/23  evals=447840
  [DE gen=1818 DONE]  Q_best=2.064062e+03 Q_mean=2.064436e+03    feasible=240/240  improved=14  clusters=2  corners=0/23  evals=448080
  [DE gen=1819 DONE]  Q_best=2.064062e+03 Q_mean=2.064436e+03    feasible=240/240  improved=13  clusters=2  corners=0/23  evals=448320
  [DE gen=1820 DONE]  Q_best=2.064062e+03 Q_mean=2.064435e+03    feasible=240/240  improved=16  clusters=2  corners=0/23  evals=448560
  [DE gen=1821 DONE]  Q_best=2.064062e+03 Q_mean=2.064434e+03    feasible=240/240  improved=21  clusters=2  corners=0/23  evals=448800
  [DE gen=1822 DONE]  Q_best=2.064062e+03 Q_mean=2.064433e+03    feasible=240/240  improved=16  clusters=2  corners=0/23  evals=449040
  [DE gen=1823 DONE]  Q_best=2.064062e+03 Q_mean=2.064432e+03    feasible=240/240  improved=17  clusters=2  corners=0/23  evals=449280
  [DE gen=1824 DONE]  Q_best=2.064062e+03 Q_mean=2.064432e+03    feasible=240/240  improved=14  clusters=2  corners=0/23  evals=449520
  [DE gen=1825 DONE]  Q_best=2.064062e+03 Q_mean=2.064430e+03    feasible=240/240  improved=26  clusters=1  corners=0/23  evals=449760
  [DE gen=1826 DONE]  Q_best=2.064062e+03 Q_mean=2.064422e+03    feasible=240/240  improved=20  clusters=1  corners=0/23  evals=450000
  [DE gen=1827 DONE]  Q_best=2.064062e+03 Q_mean=2.064422e+03    feasible=240/240  improved=14  clusters=1  corners=0/23  evals=450240
  [DE gen=1828 DONE]  Q_best=2.064062e+03 Q_mean=2.064418e+03    feasible=240/240  improved=22  clusters=2  corners=0/23  evals=450480
  [DE gen=1829 DONE]  Q_best=2.064062e+03 Q_mean=2.064417e+03    feasible=240/240  improved=15  clusters=2  corners=0/23  evals=450720
  [DE gen=1830 DONE]  Q_best=2.064062e+03 Q_mean=2.064417e+03    feasible=240/240  improved=13  clusters=2  corners=0/23  evals=450960
  [DE gen=1831 DONE]  Q_best=2.064062e+03 Q_mean=2.064409e+03    feasible=240/240  improved=17  clusters=2  corners=0/23  evals=451200
  [DE gen=1832 DONE]  Q_best=2.064062e+03 Q_mean=2.064408e+03    feasible=240/240  improved=16  clusters=2  corners=0/23  evals=451440
  [DE gen=1833 DONE]  Q_best=2.064062e+03 Q_mean=2.064407e+03    feasible=240/240  improved=18  clusters=2  corners=0/23  evals=451680
  [DE gen=1834 DONE]  Q_best=2.064062e+03 Q_mean=2.064405e+03    feasible=240/240  improved=15  clusters=2  corners=0/23  evals=451920
  [DE gen=1835 DONE]  Q_best=2.064062e+03 Q_mean=2.064397e+03    feasible=240/240  improved=14  clusters=2  corners=0/23  evals=452160
  [DE gen=1836 DONE]  Q_best=2.064062e+03 Q_mean=2.064397e+03    feasible=240/240  improved=13  clusters=2  corners=0/23  evals=452400
  [DE gen=1837 DONE]  Q_best=2.064062e+03 Q_mean=2.064395e+03    feasible=240/240  improved=21  clusters=2  corners=0/23  evals=452640
  [DE gen=1838 DONE]  Q_best=2.064062e+03 Q_mean=2.064394e+03    feasible=240/240  improved=14  clusters=2  corners=0/23  evals=452880
  [DE gen=1839 DONE]  Q_best=2.064062e+03 Q_mean=2.064393e+03    feasible=240/240  improved=22  clusters=2  corners=0/23  evals=453120
  [DE gen=1840 DONE]  Q_best=2.064062e+03 Q_mean=2.064392e+03    feasible=240/240  improved=17  clusters=2  corners=0/23  evals=453360
  [DE gen=1841 DONE]  Q_best=2.064062e+03 Q_mean=2.064391e+03    feasible=240/240  improved=18  clusters=2  corners=0/23  evals=453600
  [DE gen=1842 DONE]  Q_best=2.064062e+03 Q_mean=2.064390e+03    feasible=240/240  improved=11  clusters=2  corners=0/23  evals=453840
  [DE gen=1843 DONE]  Q_best=2.064062e+03 Q_mean=2.064389e+03    feasible=240/240  improved=20  clusters=2  corners=0/23  evals=454080
  [DE gen=1844 DONE]  Q_best=2.064062e+03 Q_mean=2.064378e+03    feasible=240/240  improved=15  clusters=2  corners=0/23  evals=454320
  [DE gen=1845 DONE]  Q_best=2.064062e+03 Q_mean=2.064378e+03    feasible=240/240  improved=14  clusters=2  corners=0/23  evals=454560
  [DE gen=1846 DONE]  Q_best=2.064062e+03 Q_mean=2.064377e+03    feasible=240/240  improved=13  clusters=2  corners=0/23  evals=454800
  [DE gen=1847 DONE]  Q_best=2.064062e+03 Q_mean=2.064375e+03    feasible=240/240  improved=9  clusters=2  corners=0/23  evals=455040
  [DE pop]  starting population generator: 240 slots, 23 free parameters
  [DE pop]  step 1/2 — ΔQ<1 width per parameter: 12 bisections × 2 directions × 23 params = 552 solves
  [DE pop]  widths done in 950s: 23/23 parameters admit a step, median 0.000537, range 4.9e-05–0.0085  (4 kept previous scale)
  [DE pop]  step 2/2 — 60 candidates at each sparsity k = 1:23;  Q_seed=2.064062e+03
  [DE pop]  evaluating 1380 candidates...
