window,ee_rate_S,ee_rate_U
crisis_covid,0.009150666470462143,0.011708729544297683
base_fc,0.007969232370204854,0.010458962213621187
crisis_fc,0.006149727906758079,0.007811576168826495
base_covid,0.00850826375468986,0.011589592624824346
