window,ee_rate_S,n_quarters
crisis_covid,0.009150666470462143,12
base_fc,0.007969232370204854,20
crisis_fc,0.006149727906758079,12
base_covid,0.00850826375468986,20
