window,ee_rate_S,ee_rate_U
crisis_covid,0.008499770525599424,0.010941218609654293
base_fc,0.007969232370204854,0.010458962213621187
crisis_fc,0.00656322215498395,0.008517495005712824
base_covid,0.00850826375468986,0.011589592624824346
