phi,E_4yr,E_2yr,d_4yr,d_2yr
0.022221287851153695,1.2629517727272727e7,4.764904681818182e6,49.0,37.0
